[INFO] Discovered arenas: ['arena_01', 'arena_02', 'arena_03', 'arena_04', 'arena_05', 'arena_06', 'arena_07', 'arena_08', 'arena_09', 'arena_10', 'arena_11', 'arena_12', 'arena_13', 'arena_14', 'arena_15', 'arena_16', 'arena_17', 'arena_18', 'arena_19', 'arena_20', 'arena_21', 'arena_22', 'arena_23', 'arena_24', 'arena_25', 'arena_26', 'arena_27', 'arena_28', 'arena_29', 'arena_30', 'arena_31']
[INFO] Found game '0136476f-9306-4964-ae6e-a11263f36589' in arena_28
[DL] arena_28/0136476f-9306-4964-ae6e-a11263f36589/frames.parquet -> ../hf_subset/arena_28/0136476f-9306-4964-ae6e-a11263f36589/frames.parquet
[DONE]
[INFO] Discovered arenas: ['arena_01', 'arena_02', 'arena_03', 'arena_04', 'arena_05', 'arena_06', 'arena_07', 'arena_08', 'arena_09', 'arena_10', 'arena_11', 'arena_12', 'arena_13', 'arena_14', 'arena_15', 'arena_16', 'arena_17', 'arena_18', 'arena_19', 'arena_20', 'arena_21', 'arena_22', 'arena_23', 'arena_24', 'arena_25', 'arena_26', 'arena_27', 'arena_28', 'arena_29', 'arena_30', 'arena_31']
[INFO] Found game '01a20791-81a1-4884-b362-0195145e50cd' in arena_28
[DL] arena_28/01a20791-81a1-4884-b362-0195145e50cd/frames.parquet -> ../hf_subset/arena_28/01a20791-81a1-4884-b362-0195145e50cd/frames.parquet
[DONE]
[INFO] Discovered arenas: ['arena_01', 'arena_02', 'arena_03', 'arena_04', 'arena_05', 'arena_06', 'arena_07', 'arena_08', 'arena_09', 'arena_10', 'arena_11', 'arena_12', 'arena_13', 'arena_14', 'arena_15', 'arena_16', 'arena_17', 'arena_18', 'arena_19', 'arena_20', 'arena_21', 'arena_22', 'arena_23', 'arena_24', 'arena_25', 'arena_26', 'arena_27', 'arena_28', 'arena_29', 'arena_30', 'arena_31']
[INFO] Found game '03586a9c-4860-4eb6-933f-07df25bd428e' in arena_28
[DL] arena_28/03586a9c-4860-4eb6-933f-07df25bd428e/frames.parquet -> ../hf_subset/arena_28/03586a9c-4860-4eb6-933f-07df25bd428e/frames.parquet
[DONE]
[INFO] Discovered arenas: ['arena_01', 'arena_02', 'arena_03', 'arena_04', 'arena_05', 'arena_06', 'arena_07', 'arena_08', 'arena_09', 'arena_10', 'arena_11', 'arena_12', 'arena_13', 'arena_14', 'arena_15', 'arena_16', 'arena_17', 'arena_18', 'arena_19', 'arena_20', 'arena_21', 'arena_22', 'arena_23', 'arena_24', 'arena_25', 'arena_26', 'arena_27', 'arena_28', 'arena_29', 'arena_30', 'arena_31']
[INFO] Found game '038ef8fe-c5b1-4349-a676-c74f32bebe10' in arena_28
[DL] arena_28/038ef8fe-c5b1-4349-a676-c74f32bebe10/frames.parquet -> ../hf_subset/arena_28/038ef8fe-c5b1-4349-a676-c74f32bebe10/frames.parquet
[DONE]
[INFO] Discovered arenas: ['arena_01', 'arena_02', 'arena_03', 'arena_04', 'arena_05', 'arena_06', 'arena_07', 'arena_08', 'arena_09', 'arena_10', 'arena_11', 'arena_12', 'arena_13', 'arena_14', 'arena_15', 'arena_16', 'arena_17', 'arena_18', 'arena_19', 'arena_20', 'arena_21', 'arena_22', 'arena_23', 'arena_24', 'arena_25', 'arena_26', 'arena_27', 'arena_28', 'arena_29', 'arena_30', 'arena_31']
[INFO] Found game '064875d7-79a5-47f9-b1f6-4e67eb90a400' in arena_28
[DL] arena_28/064875d7-79a5-47f9-b1f6-4e67eb90a400/frames.parquet -> ../hf_subset/arena_28/064875d7-79a5-47f9-b1f6-4e67eb90a400/frames.parquet
[DONE]
[INFO] Discovered arenas: ['arena_01', 'arena_02', 'arena_03', 'arena_04', 'arena_05', 'arena_06', 'arena_07', 'arena_08', 'arena_09', 'arena_10', 'arena_11', 'arena_12', 'arena_13', 'arena_14', 'arena_15', 'arena_16', 'arena_17', 'arena_18', 'arena_19', 'arena_20', 'arena_21', 'arena_22', 'arena_23', 'arena_24', 'arena_25', 'arena_26', 'arena_27', 'arena_28', 'arena_29', 'arena_30', 'arena_31']
[INFO] Found game '094837a9-2761-4905-8cd7-56cb536cdbf2' in arena_28
[DL] arena_28/094837a9-2761-4905-8cd7-56cb536cdbf2/frames.parquet -> ../hf_subset/arena_28/094837a9-2761-4905-8cd7-56cb536cdbf2/frames.parquet
[DONE]
[INFO] Discovered arenas: ['arena_01', 'arena_02', 'arena_03', 'arena_04', 'arena_05', 'arena_06', 'arena_07', 'arena_08', 'arena_09', 'arena_10', 'arena_11', 'arena_12', 'arena_13', 'arena_14', 'arena_15', 'arena_16', 'arena_17', 'arena_18', 'arena_19', 'arena_20', 'arena_21', 'arena_22', 'arena_23', 'arena_24', 'arena_25', 'arena_26', 'arena_27', 'arena_28', 'arena_29', 'arena_30', 'arena_31']
[INFO] Found game '0af0b1f9-1a1c-46d3-96f3-5376b57ff20b' in arena_28
[DL] arena_28/0af0b1f9-1a1c-46d3-96f3-5376b57ff20b/frames.parquet -> ../hf_subset/arena_28/0af0b1f9-1a1c-46d3-96f3-5376b57ff20b/frames.parquet
[DONE]
[INFO] Discovered arenas: ['arena_01', 'arena_02', 'arena_03', 'arena_04', 'arena_05', 'arena_06', 'arena_07', 'arena_08', 'arena_09', 'arena_10', 'arena_11', 'arena_12', 'arena_13', 'arena_14', 'arena_15', 'arena_16', 'arena_17', 'arena_18', 'arena_19', 'arena_20', 'arena_21', 'arena_22', 'arena_23', 'arena_24', 'arena_25', 'arena_26', 'arena_27', 'arena_28', 'arena_29', 'arena_30', 'arena_31']
[INFO] Found game '10947533-aeba-45aa-877a-4c1a723ac1c5' in arena_28
[DL] arena_28/10947533-aeba-45aa-877a-4c1a723ac1c5/frames.parquet -> ../hf_subset/arena_28/10947533-aeba-45aa-877a-4c1a723ac1c5/frames.parquet
[DONE]
[INFO] Discovered arenas: ['arena_01', 'arena_02', 'arena_03', 'arena_04', 'arena_05', 'arena_06', 'arena_07', 'arena_08', 'arena_09', 'arena_10', 'arena_11', 'arena_12', 'arena_13', 'arena_14', 'arena_15', 'arena_16', 'arena_17', 'arena_18', 'arena_19', 'arena_20', 'arena_21', 'arena_22', 'arena_23', 'arena_24', 'arena_25', 'arena_26', 'arena_27', 'arena_28', 'arena_29', 'arena_30', 'arena_31']
[INFO] Found game '110dacf9-00e5-433d-99fd-17fac879f4ea' in arena_28
[DL] arena_28/110dacf9-00e5-433d-99fd-17fac879f4ea/frames.parquet -> ../hf_subset/arena_28/110dacf9-00e5-433d-99fd-17fac879f4ea/frames.parquet
[DONE]
[INFO] Discovered arenas: ['arena_01', 'arena_02', 'arena_03', 'arena_04', 'arena_05', 'arena_06', 'arena_07', 'arena_08', 'arena_09', 'arena_10', 'arena_11', 'arena_12', 'arena_13', 'arena_14', 'arena_15', 'arena_16', 'arena_17', 'arena_18', 'arena_19', 'arena_20', 'arena_21', 'arena_22', 'arena_23', 'arena_24', 'arena_25', 'arena_26', 'arena_27', 'arena_28', 'arena_29', 'arena_30', 'arena_31']
[INFO] Found game '12d0a62e-678d-42b1-a33c-966bf80bf915' in arena_28
[DL] arena_28/12d0a62e-678d-42b1-a33c-966bf80bf915/frames.parquet -> ../hf_subset/arena_28/12d0a62e-678d-42b1-a33c-966bf80bf915/frames.parquet
[DONE]
[INFO] Discovered arenas: ['arena_01', 'arena_02', 'arena_03', 'arena_04', 'arena_05', 'arena_06', 'arena_07', 'arena_08', 'arena_09', 'arena_10', 'arena_11', 'arena_12', 'arena_13', 'arena_14', 'arena_15', 'arena_16', 'arena_17', 'arena_18', 'arena_19', 'arena_20', 'arena_21', 'arena_22', 'arena_23', 'arena_24', 'arena_25', 'arena_26', 'arena_27', 'arena_28', 'arena_29', 'arena_30', 'arena_31']
[INFO] Found game '1355116b-146b-4e84-84ee-89443d7d2c8b' in arena_28
[DL] arena_28/1355116b-146b-4e84-84ee-89443d7d2c8b/frames.parquet -> ../hf_subset/arena_28/1355116b-146b-4e84-84ee-89443d7d2c8b/frames.parquet
[DONE]
[INFO] Discovered arenas: ['arena_01', 'arena_02', 'arena_03', 'arena_04', 'arena_05', 'arena_06', 'arena_07', 'arena_08', 'arena_09', 'arena_10', 'arena_11', 'arena_12', 'arena_13', 'arena_14', 'arena_15', 'arena_16', 'arena_17', 'arena_18', 'arena_19', 'arena_20', 'arena_21', 'arena_22', 'arena_23', 'arena_24', 'arena_25', 'arena_26', 'arena_27', 'arena_28', 'arena_29', 'arena_30', 'arena_31']
[INFO] Found game '15321456-c358-4167-94e0-36359006c4d7' in arena_28
[DL] arena_28/15321456-c358-4167-94e0-36359006c4d7/frames.parquet -> ../hf_subset/arena_28/15321456-c358-4167-94e0-36359006c4d7/frames.parquet
[DONE]
[INFO] Discovered arenas: ['arena_01', 'arena_02', 'arena_03', 'arena_04', 'arena_05', 'arena_06', 'arena_07', 'arena_08', 'arena_09', 'arena_10', 'arena_11', 'arena_12', 'arena_13', 'arena_14', 'arena_15', 'arena_16', 'arena_17', 'arena_18', 'arena_19', 'arena_20', 'arena_21', 'arena_22', 'arena_23', 'arena_24', 'arena_25', 'arena_26', 'arena_27', 'arena_28', 'arena_29', 'arena_30', 'arena_31']
[INFO] Found game '156e30a5-b22e-4e5f-ba64-20b9b445e5c1' in arena_28
[DL] arena_28/156e30a5-b22e-4e5f-ba64-20b9b445e5c1/frames.parquet -> ../hf_subset/arena_28/156e30a5-b22e-4e5f-ba64-20b9b445e5c1/frames.parquet
[DONE]
[INFO] Discovered arenas: ['arena_01', 'arena_02', 'arena_03', 'arena_04', 'arena_05', 'arena_06', 'arena_07', 'arena_08', 'arena_09', 'arena_10', 'arena_11', 'arena_12', 'arena_13', 'arena_14', 'arena_15', 'arena_16', 'arena_17', 'arena_18', 'arena_19', 'arena_20', 'arena_21', 'arena_22', 'arena_23', 'arena_24', 'arena_25', 'arena_26', 'arena_27', 'arena_28', 'arena_29', 'arena_30', 'arena_31']
[INFO] Found game '15dd3c70-48b9-48ab-8f1f-0abc7780b3d8' in arena_28
[DL] arena_28/15dd3c70-48b9-48ab-8f1f-0abc7780b3d8/frames.parquet -> ../hf_subset/arena_28/15dd3c70-48b9-48ab-8f1f-0abc7780b3d8/frames.parquet
[DONE]
[INFO] Discovered arenas: ['arena_01', 'arena_02', 'arena_03', 'arena_04', 'arena_05', 'arena_06', 'arena_07', 'arena_08', 'arena_09', 'arena_10', 'arena_11', 'arena_12', 'arena_13', 'arena_14', 'arena_15', 'arena_16', 'arena_17', 'arena_18', 'arena_19', 'arena_20', 'arena_21', 'arena_22', 'arena_23', 'arena_24', 'arena_25', 'arena_26', 'arena_27', 'arena_28', 'arena_29', 'arena_30', 'arena_31']
[INFO] Found game '17a4f393-e822-4ce8-aee8-9bd39ccb4d43' in arena_28
[DL] arena_28/17a4f393-e822-4ce8-aee8-9bd39ccb4d43/frames.parquet -> ../hf_subset/arena_28/17a4f393-e822-4ce8-aee8-9bd39ccb4d43/frames.parquet
[DONE]
[INFO] Discovered arenas: ['arena_01', 'arena_02', 'arena_03', 'arena_04', 'arena_05', 'arena_06', 'arena_07', 'arena_08', 'arena_09', 'arena_10', 'arena_11', 'arena_12', 'arena_13', 'arena_14', 'arena_15', 'arena_16', 'arena_17', 'arena_18', 'arena_19', 'arena_20', 'arena_21', 'arena_22', 'arena_23', 'arena_24', 'arena_25', 'arena_26', 'arena_27', 'arena_28', 'arena_29', 'arena_30', 'arena_31']
[INFO] Found game '1888e0f3-6fe9-4bf2-aadd-506c4938d3ca' in arena_28
[DL] arena_28/1888e0f3-6fe9-4bf2-aadd-506c4938d3ca/frames.parquet -> ../hf_subset/arena_28/1888e0f3-6fe9-4bf2-aadd-506c4938d3ca/frames.parquet
[DONE]
[INFO] Discovered arenas: ['arena_01', 'arena_02', 'arena_03', 'arena_04', 'arena_05', 'arena_06', 'arena_07', 'arena_08', 'arena_09', 'arena_10', 'arena_11', 'arena_12', 'arena_13', 'arena_14', 'arena_15', 'arena_16', 'arena_17', 'arena_18', 'arena_19', 'arena_20', 'arena_21', 'arena_22', 'arena_23', 'arena_24', 'arena_25', 'arena_26', 'arena_27', 'arena_28', 'arena_29', 'arena_30', 'arena_31']
[INFO] Found game '1bc7bc80-9d73-43e2-ae15-170877619d49' in arena_28
[DL] arena_28/1bc7bc80-9d73-43e2-ae15-170877619d49/frames.parquet -> ../hf_subset/arena_28/1bc7bc80-9d73-43e2-ae15-170877619d49/frames.parquet
[DONE]
[INFO] Discovered arenas: ['arena_01', 'arena_02', 'arena_03', 'arena_04', 'arena_05', 'arena_06', 'arena_07', 'arena_08', 'arena_09', 'arena_10', 'arena_11', 'arena_12', 'arena_13', 'arena_14', 'arena_15', 'arena_16', 'arena_17', 'arena_18', 'arena_19', 'arena_20', 'arena_21', 'arena_22', 'arena_23', 'arena_24', 'arena_25', 'arena_26', 'arena_27', 'arena_28', 'arena_29', 'arena_30', 'arena_31']
[INFO] Found game '1c9eb527-235e-4974-9e0d-17987660d9dc' in arena_28
[DL] arena_28/1c9eb527-235e-4974-9e0d-17987660d9dc/frames.parquet -> ../hf_subset/arena_28/1c9eb527-235e-4974-9e0d-17987660d9dc/frames.parquet
[DONE]
[INFO] Discovered arenas: ['arena_01', 'arena_02', 'arena_03', 'arena_04', 'arena_05', 'arena_06', 'arena_07', 'arena_08', 'arena_09', 'arena_10', 'arena_11', 'arena_12', 'arena_13', 'arena_14', 'arena_15', 'arena_16', 'arena_17', 'arena_18', 'arena_19', 'arena_20', 'arena_21', 'arena_22', 'arena_23', 'arena_24', 'arena_25', 'arena_26', 'arena_27', 'arena_28', 'arena_29', 'arena_30', 'arena_31']
[INFO] Found game '1d870eb8-0fb9-4309-80cf-8e1d7fd65cb2' in arena_28
[DL] arena_28/1d870eb8-0fb9-4309-80cf-8e1d7fd65cb2/frames.parquet -> ../hf_subset/arena_28/1d870eb8-0fb9-4309-80cf-8e1d7fd65cb2/frames.parquet
[DONE]
[INFO] Discovered arenas: ['arena_01', 'arena_02', 'arena_03', 'arena_04', 'arena_05', 'arena_06', 'arena_07', 'arena_08', 'arena_09', 'arena_10', 'arena_11', 'arena_12', 'arena_13', 'arena_14', 'arena_15', 'arena_16', 'arena_17', 'arena_18', 'arena_19', 'arena_20', 'arena_21', 'arena_22', 'arena_23', 'arena_24', 'arena_25', 'arena_26', 'arena_27', 'arena_28', 'arena_29', 'arena_30', 'arena_31']
[INFO] Found game '1db6b645-b85a-467b-9caf-02e347820880' in arena_28
[DL] arena_28/1db6b645-b85a-467b-9caf-02e347820880/frames.parquet -> ../hf_subset/arena_28/1db6b645-b85a-467b-9caf-02e347820880/frames.parquet
[DONE]
[INFO] Discovered arenas: ['arena_01', 'arena_02', 'arena_03', 'arena_04', 'arena_05', 'arena_06', 'arena_07', 'arena_08', 'arena_09', 'arena_10', 'arena_11', 'arena_12', 'arena_13', 'arena_14', 'arena_15', 'arena_16', 'arena_17', 'arena_18', 'arena_19', 'arena_20', 'arena_21', 'arena_22', 'arena_23', 'arena_24', 'arena_25', 'arena_26', 'arena_27', 'arena_28', 'arena_29', 'arena_30', 'arena_31']
[INFO] Found game '1eba7c00-30e9-49d2-bb85-9bf16306c436' in arena_28
[DL] arena_28/1eba7c00-30e9-49d2-bb85-9bf16306c436/frames.parquet -> ../hf_subset/arena_28/1eba7c00-30e9-49d2-bb85-9bf16306c436/frames.parquet
[DONE]
[INFO] Discovered arenas: ['arena_01', 'arena_02', 'arena_03', 'arena_04', 'arena_05', 'arena_06', 'arena_07', 'arena_08', 'arena_09', 'arena_10', 'arena_11', 'arena_12', 'arena_13', 'arena_14', 'arena_15', 'arena_16', 'arena_17', 'arena_18', 'arena_19', 'arena_20', 'arena_21', 'arena_22', 'arena_23', 'arena_24', 'arena_25', 'arena_26', 'arena_27', 'arena_28', 'arena_29', 'arena_30', 'arena_31']
[INFO] Found game '1edcc88a-2c85-4efb-b25e-db4f8477d46f' in arena_28
[DL] arena_28/1edcc88a-2c85-4efb-b25e-db4f8477d46f/frames.parquet -> ../hf_subset/arena_28/1edcc88a-2c85-4efb-b25e-db4f8477d46f/frames.parquet
[DONE]
[INFO] Discovered arenas: ['arena_01', 'arena_02', 'arena_03', 'arena_04', 'arena_05', 'arena_06', 'arena_07', 'arena_08', 'arena_09', 'arena_10', 'arena_11', 'arena_12', 'arena_13', 'arena_14', 'arena_15', 'arena_16', 'arena_17', 'arena_18', 'arena_19', 'arena_20', 'arena_21', 'arena_22', 'arena_23', 'arena_24', 'arena_25', 'arena_26', 'arena_27', 'arena_28', 'arena_29', 'arena_30', 'arena_31']
[INFO] Found game '1f57e7fd-4520-413f-bc0d-0286c8c2413c' in arena_28
[DL] arena_28/1f57e7fd-4520-413f-bc0d-0286c8c2413c/frames.parquet -> ../hf_subset/arena_28/1f57e7fd-4520-413f-bc0d-0286c8c2413c/frames.parquet
[DONE]
[INFO] Discovered arenas: ['arena_01', 'arena_02', 'arena_03', 'arena_04', 'arena_05', 'arena_06', 'arena_07', 'arena_08', 'arena_09', 'arena_10', 'arena_11', 'arena_12', 'arena_13', 'arena_14', 'arena_15', 'arena_16', 'arena_17', 'arena_18', 'arena_19', 'arena_20', 'arena_21', 'arena_22', 'arena_23', 'arena_24', 'arena_25', 'arena_26', 'arena_27', 'arena_28', 'arena_29', 'arena_30', 'arena_31']
[INFO] Found game '201098bb-6ff3-4459-8ff2-75317f29bc9c' in arena_28
[DL] arena_28/201098bb-6ff3-4459-8ff2-75317f29bc9c/frames.parquet -> ../hf_subset/arena_28/201098bb-6ff3-4459-8ff2-75317f29bc9c/frames.parquet
[DONE]
[INFO] Discovered arenas: ['arena_01', 'arena_02', 'arena_03', 'arena_04', 'arena_05', 'arena_06', 'arena_07', 'arena_08', 'arena_09', 'arena_10', 'arena_11', 'arena_12', 'arena_13', 'arena_14', 'arena_15', 'arena_16', 'arena_17', 'arena_18', 'arena_19', 'arena_20', 'arena_21', 'arena_22', 'arena_23', 'arena_24', 'arena_25', 'arena_26', 'arena_27', 'arena_28', 'arena_29', 'arena_30', 'arena_31']
[INFO] Found game '23720736-af3f-45b3-a87e-c5592922f7c2' in arena_28
[DL] arena_28/23720736-af3f-45b3-a87e-c5592922f7c2/frames.parquet -> ../hf_subset/arena_28/23720736-af3f-45b3-a87e-c5592922f7c2/frames.parquet
[DONE]
[INFO] Discovered arenas: ['arena_01', 'arena_02', 'arena_03', 'arena_04', 'arena_05', 'arena_06', 'arena_07', 'arena_08', 'arena_09', 'arena_10', 'arena_11', 'arena_12', 'arena_13', 'arena_14', 'arena_15', 'arena_16', 'arena_17', 'arena_18', 'arena_19', 'arena_20', 'arena_21', 'arena_22', 'arena_23', 'arena_24', 'arena_25', 'arena_26', 'arena_27', 'arena_28', 'arena_29', 'arena_30', 'arena_31']
[INFO] Found game '2491b37b-d528-4cef-8496-dbdee6eee316' in arena_28
[DL] arena_28/2491b37b-d528-4cef-8496-dbdee6eee316/frames.parquet -> ../hf_subset/arena_28/2491b37b-d528-4cef-8496-dbdee6eee316/frames.parquet
[DONE]
[INFO] Discovered arenas: ['arena_01', 'arena_02', 'arena_03', 'arena_04', 'arena_05', 'arena_06', 'arena_07', 'arena_08', 'arena_09', 'arena_10', 'arena_11', 'arena_12', 'arena_13', 'arena_14', 'arena_15', 'arena_16', 'arena_17', 'arena_18', 'arena_19', 'arena_20', 'arena_21', 'arena_22', 'arena_23', 'arena_24', 'arena_25', 'arena_26', 'arena_27', 'arena_28', 'arena_29', 'arena_30', 'arena_31']
[INFO] Found game '282024f3-34dc-4fc6-9017-71c98fe9ef9a' in arena_28
[DL] arena_28/282024f3-34dc-4fc6-9017-71c98fe9ef9a/frames.parquet -> ../hf_subset/arena_28/282024f3-34dc-4fc6-9017-71c98fe9ef9a/frames.parquet
[DONE]
[INFO] Discovered arenas: ['arena_01', 'arena_02', 'arena_03', 'arena_04', 'arena_05', 'arena_06', 'arena_07', 'arena_08', 'arena_09', 'arena_10', 'arena_11', 'arena_12', 'arena_13', 'arena_14', 'arena_15', 'arena_16', 'arena_17', 'arena_18', 'arena_19', 'arena_20', 'arena_21', 'arena_22', 'arena_23', 'arena_24', 'arena_25', 'arena_26', 'arena_27', 'arena_28', 'arena_29', 'arena_30', 'arena_31']
[INFO] Found game '287746e0-2d9a-4a82-a684-2d8d9664fcaf' in arena_28
[DL] arena_28/287746e0-2d9a-4a82-a684-2d8d9664fcaf/frames.parquet -> ../hf_subset/arena_28/287746e0-2d9a-4a82-a684-2d8d9664fcaf/frames.parquet
[DONE]
[INFO] Discovered arenas: ['arena_01', 'arena_02', 'arena_03', 'arena_04', 'arena_05', 'arena_06', 'arena_07', 'arena_08', 'arena_09', 'arena_10', 'arena_11', 'arena_12', 'arena_13', 'arena_14', 'arena_15', 'arena_16', 'arena_17', 'arena_18', 'arena_19', 'arena_20', 'arena_21', 'arena_22', 'arena_23', 'arena_24', 'arena_25', 'arena_26', 'arena_27', 'arena_28', 'arena_29', 'arena_30', 'arena_31']
[INFO] Found game '295da469-d14b-49b5-a2c7-adbde77142dc' in arena_28
[DL] arena_28/295da469-d14b-49b5-a2c7-adbde77142dc/frames.parquet -> ../hf_subset/arena_28/295da469-d14b-49b5-a2c7-adbde77142dc/frames.parquet
[DONE]
[INFO] Discovered arenas: ['arena_01', 'arena_02', 'arena_03', 'arena_04', 'arena_05', 'arena_06', 'arena_07', 'arena_08', 'arena_09', 'arena_10', 'arena_11', 'arena_12', 'arena_13', 'arena_14', 'arena_15', 'arena_16', 'arena_17', 'arena_18', 'arena_19', 'arena_20', 'arena_21', 'arena_22', 'arena_23', 'arena_24', 'arena_25', 'arena_26', 'arena_27', 'arena_28', 'arena_29', 'arena_30', 'arena_31']
[INFO] Found game '2d2ac82e-9dca-4233-aece-f266d7a23ae6' in arena_28
[DL] arena_28/2d2ac82e-9dca-4233-aece-f266d7a23ae6/frames.parquet -> ../hf_subset/arena_28/2d2ac82e-9dca-4233-aece-f266d7a23ae6/frames.parquet
[DONE]
[INFO] Discovered arenas: ['arena_01', 'arena_02', 'arena_03', 'arena_04', 'arena_05', 'arena_06', 'arena_07', 'arena_08', 'arena_09', 'arena_10', 'arena_11', 'arena_12', 'arena_13', 'arena_14', 'arena_15', 'arena_16', 'arena_17', 'arena_18', 'arena_19', 'arena_20', 'arena_21', 'arena_22', 'arena_23', 'arena_24', 'arena_25', 'arena_26', 'arena_27', 'arena_28', 'arena_29', 'arena_30', 'arena_31']
[INFO] Found game '34ee213a-f50c-42c8-9026-d8aec3bd3704' in arena_28
[DL] arena_28/34ee213a-f50c-42c8-9026-d8aec3bd3704/frames.parquet -> ../hf_subset/arena_28/34ee213a-f50c-42c8-9026-d8aec3bd3704/frames.parquet
[DONE]
[INFO] Discovered arenas: ['arena_01', 'arena_02', 'arena_03', 'arena_04', 'arena_05', 'arena_06', 'arena_07', 'arena_08', 'arena_09', 'arena_10', 'arena_11', 'arena_12', 'arena_13', 'arena_14', 'arena_15', 'arena_16', 'arena_17', 'arena_18', 'arena_19', 'arena_20', 'arena_21', 'arena_22', 'arena_23', 'arena_24', 'arena_25', 'arena_26', 'arena_27', 'arena_28', 'arena_29', 'arena_30', 'arena_31']
[INFO] Found game '373cc1f7-4b1f-481f-ab89-3670c4304678' in arena_28
[DL] arena_28/373cc1f7-4b1f-481f-ab89-3670c4304678/frames.parquet -> ../hf_subset/arena_28/373cc1f7-4b1f-481f-ab89-3670c4304678/frames.parquet
[DONE]
[INFO] Discovered arenas: ['arena_01', 'arena_02', 'arena_03', 'arena_04', 'arena_05', 'arena_06', 'arena_07', 'arena_08', 'arena_09', 'arena_10', 'arena_11', 'arena_12', 'arena_13', 'arena_14', 'arena_15', 'arena_16', 'arena_17', 'arena_18', 'arena_19', 'arena_20', 'arena_21', 'arena_22', 'arena_23', 'arena_24', 'arena_25', 'arena_26', 'arena_27', 'arena_28', 'arena_29', 'arena_30', 'arena_31']
[INFO] Found game '3a62c04b-fed4-4a90-b970-6a3b683171e7' in arena_28
[DL] arena_28/3a62c04b-fed4-4a90-b970-6a3b683171e7/frames.parquet -> ../hf_subset/arena_28/3a62c04b-fed4-4a90-b970-6a3b683171e7/frames.parquet
[DONE]
[INFO] Discovered arenas: ['arena_01', 'arena_02', 'arena_03', 'arena_04', 'arena_05', 'arena_06', 'arena_07', 'arena_08', 'arena_09', 'arena_10', 'arena_11', 'arena_12', 'arena_13', 'arena_14', 'arena_15', 'arena_16', 'arena_17', 'arena_18', 'arena_19', 'arena_20', 'arena_21', 'arena_22', 'arena_23', 'arena_24', 'arena_25', 'arena_26', 'arena_27', 'arena_28', 'arena_29', 'arena_30', 'arena_31']
[INFO] Found game '3ae42d54-f070-46e5-8d15-078163623b8b' in arena_28
[DL] arena_28/3ae42d54-f070-46e5-8d15-078163623b8b/frames.parquet -> ../hf_subset/arena_28/3ae42d54-f070-46e5-8d15-078163623b8b/frames.parquet
[DONE]
[INFO] Discovered arenas: ['arena_01', 'arena_02', 'arena_03', 'arena_04', 'arena_05', 'arena_06', 'arena_07', 'arena_08', 'arena_09', 'arena_10', 'arena_11', 'arena_12', 'arena_13', 'arena_14', 'arena_15', 'arena_16', 'arena_17', 'arena_18', 'arena_19', 'arena_20', 'arena_21', 'arena_22', 'arena_23', 'arena_24', 'arena_25', 'arena_26', 'arena_27', 'arena_28', 'arena_29', 'arena_30', 'arena_31']
[INFO] Found game '3cd01484-b94c-46b8-9677-3ec914acb6dc' in arena_28
[DL] arena_28/3cd01484-b94c-46b8-9677-3ec914acb6dc/frames.parquet -> ../hf_subset/arena_28/3cd01484-b94c-46b8-9677-3ec914acb6dc/frames.parquet
[DONE]
[INFO] Discovered arenas: ['arena_01', 'arena_02', 'arena_03', 'arena_04', 'arena_05', 'arena_06', 'arena_07', 'arena_08', 'arena_09', 'arena_10', 'arena_11', 'arena_12', 'arena_13', 'arena_14', 'arena_15', 'arena_16', 'arena_17', 'arena_18', 'arena_19', 'arena_20', 'arena_21', 'arena_22', 'arena_23', 'arena_24', 'arena_25', 'arena_26', 'arena_27', 'arena_28', 'arena_29', 'arena_30', 'arena_31']
[INFO] Found game '409f72fd-b6e5-44a9-9732-a031e9fc78d5' in arena_28
[DL] arena_28/409f72fd-b6e5-44a9-9732-a031e9fc78d5/frames.parquet -> ../hf_subset/arena_28/409f72fd-b6e5-44a9-9732-a031e9fc78d5/frames.parquet
[DONE]
[INFO] Discovered arenas: ['arena_01', 'arena_02', 'arena_03', 'arena_04', 'arena_05', 'arena_06', 'arena_07', 'arena_08', 'arena_09', 'arena_10', 'arena_11', 'arena_12', 'arena_13', 'arena_14', 'arena_15', 'arena_16', 'arena_17', 'arena_18', 'arena_19', 'arena_20', 'arena_21', 'arena_22', 'arena_23', 'arena_24', 'arena_25', 'arena_26', 'arena_27', 'arena_28', 'arena_29', 'arena_30', 'arena_31']
[INFO] Found game '416c6200-3c3f-4874-8fae-7a059784be80' in arena_28
[DL] arena_28/416c6200-3c3f-4874-8fae-7a059784be80/frames.parquet -> ../hf_subset/arena_28/416c6200-3c3f-4874-8fae-7a059784be80/frames.parquet
[DONE]
[INFO] Discovered arenas: ['arena_01', 'arena_02', 'arena_03', 'arena_04', 'arena_05', 'arena_06', 'arena_07', 'arena_08', 'arena_09', 'arena_10', 'arena_11', 'arena_12', 'arena_13', 'arena_14', 'arena_15', 'arena_16', 'arena_17', 'arena_18', 'arena_19', 'arena_20', 'arena_21', 'arena_22', 'arena_23', 'arena_24', 'arena_25', 'arena_26', 'arena_27', 'arena_28', 'arena_29', 'arena_30', 'arena_31']
[INFO] Found game '48d51a42-54c9-4a49-a36b-df3e99dde701' in arena_28
[DL] arena_28/48d51a42-54c9-4a49-a36b-df3e99dde701/frames.parquet -> ../hf_subset/arena_28/48d51a42-54c9-4a49-a36b-df3e99dde701/frames.parquet
[DONE]
[INFO] Discovered arenas: ['arena_01', 'arena_02', 'arena_03', 'arena_04', 'arena_05', 'arena_06', 'arena_07', 'arena_08', 'arena_09', 'arena_10', 'arena_11', 'arena_12', 'arena_13', 'arena_14', 'arena_15', 'arena_16', 'arena_17', 'arena_18', 'arena_19', 'arena_20', 'arena_21', 'arena_22', 'arena_23', 'arena_24', 'arena_25', 'arena_26', 'arena_27', 'arena_28', 'arena_29', 'arena_30', 'arena_31']
[INFO] Found game '494ce6a7-bb71-4a10-9787-5bf522bcb394' in arena_28
[DL] arena_28/494ce6a7-bb71-4a10-9787-5bf522bcb394/frames.parquet -> ../hf_subset/arena_28/494ce6a7-bb71-4a10-9787-5bf522bcb394/frames.parquet
[DONE]
[INFO] Discovered arenas: ['arena_01', 'arena_02', 'arena_03', 'arena_04', 'arena_05', 'arena_06', 'arena_07', 'arena_08', 'arena_09', 'arena_10', 'arena_11', 'arena_12', 'arena_13', 'arena_14', 'arena_15', 'arena_16', 'arena_17', 'arena_18', 'arena_19', 'arena_20', 'arena_21', 'arena_22', 'arena_23', 'arena_24', 'arena_25', 'arena_26', 'arena_27', 'arena_28', 'arena_29', 'arena_30', 'arena_31']
[INFO] Found game '4df7bb8b-32c5-491d-957b-3247f0953b2c' in arena_28
[DL] arena_28/4df7bb8b-32c5-491d-957b-3247f0953b2c/frames.parquet -> ../hf_subset/arena_28/4df7bb8b-32c5-491d-957b-3247f0953b2c/frames.parquet
[DONE]
[INFO] Discovered arenas: ['arena_01', 'arena_02', 'arena_03', 'arena_04', 'arena_05', 'arena_06', 'arena_07', 'arena_08', 'arena_09', 'arena_10', 'arena_11', 'arena_12', 'arena_13', 'arena_14', 'arena_15', 'arena_16', 'arena_17', 'arena_18', 'arena_19', 'arena_20', 'arena_21', 'arena_22', 'arena_23', 'arena_24', 'arena_25', 'arena_26', 'arena_27', 'arena_28', 'arena_29', 'arena_30', 'arena_31']
[INFO] Found game '4f2796ba-3735-4c0e-a786-243a6b67b9a8' in arena_28
[DL] arena_28/4f2796ba-3735-4c0e-a786-243a6b67b9a8/frames.parquet -> ../hf_subset/arena_28/4f2796ba-3735-4c0e-a786-243a6b67b9a8/frames.parquet
[DONE]
[INFO] Discovered arenas: ['arena_01', 'arena_02', 'arena_03', 'arena_04', 'arena_05', 'arena_06', 'arena_07', 'arena_08', 'arena_09', 'arena_10', 'arena_11', 'arena_12', 'arena_13', 'arena_14', 'arena_15', 'arena_16', 'arena_17', 'arena_18', 'arena_19', 'arena_20', 'arena_21', 'arena_22', 'arena_23', 'arena_24', 'arena_25', 'arena_26', 'arena_27', 'arena_28', 'arena_29', 'arena_30', 'arena_31']
[INFO] Found game '53146f4c-335d-4ce4-8968-b684c051d6ad' in arena_28
[DL] arena_28/53146f4c-335d-4ce4-8968-b684c051d6ad/frames.parquet -> ../hf_subset/arena_28/53146f4c-335d-4ce4-8968-b684c051d6ad/frames.parquet
[DONE]
[INFO] Discovered arenas: ['arena_01', 'arena_02', 'arena_03', 'arena_04', 'arena_05', 'arena_06', 'arena_07', 'arena_08', 'arena_09', 'arena_10', 'arena_11', 'arena_12', 'arena_13', 'arena_14', 'arena_15', 'arena_16', 'arena_17', 'arena_18', 'arena_19', 'arena_20', 'arena_21', 'arena_22', 'arena_23', 'arena_24', 'arena_25', 'arena_26', 'arena_27', 'arena_28', 'arena_29', 'arena_30', 'arena_31']
[INFO] Found game '538b3585-810e-48d0-be2b-a1cb8908b4f3' in arena_28
[DL] arena_28/538b3585-810e-48d0-be2b-a1cb8908b4f3/frames.parquet -> ../hf_subset/arena_28/538b3585-810e-48d0-be2b-a1cb8908b4f3/frames.parquet
[DONE]
[INFO] Discovered arenas: ['arena_01', 'arena_02', 'arena_03', 'arena_04', 'arena_05', 'arena_06', 'arena_07', 'arena_08', 'arena_09', 'arena_10', 'arena_11', 'arena_12', 'arena_13', 'arena_14', 'arena_15', 'arena_16', 'arena_17', 'arena_18', 'arena_19', 'arena_20', 'arena_21', 'arena_22', 'arena_23', 'arena_24', 'arena_25', 'arena_26', 'arena_27', 'arena_28', 'arena_29', 'arena_30', 'arena_31']
[INFO] Found game '581e5888-c400-48fd-91cc-0eb00f670b38' in arena_28
[DL] arena_28/581e5888-c400-48fd-91cc-0eb00f670b38/frames.parquet -> ../hf_subset/arena_28/581e5888-c400-48fd-91cc-0eb00f670b38/frames.parquet
[DONE]
[INFO] Discovered arenas: ['arena_01', 'arena_02', 'arena_03', 'arena_04', 'arena_05', 'arena_06', 'arena_07', 'arena_08', 'arena_09', 'arena_10', 'arena_11', 'arena_12', 'arena_13', 'arena_14', 'arena_15', 'arena_16', 'arena_17', 'arena_18', 'arena_19', 'arena_20', 'arena_21', 'arena_22', 'arena_23', 'arena_24', 'arena_25', 'arena_26', 'arena_27', 'arena_28', 'arena_29', 'arena_30', 'arena_31']
[INFO] Found game '5bc8307c-cb9b-4e98-8d34-3edecfb8d872' in arena_28
[DL] arena_28/5bc8307c-cb9b-4e98-8d34-3edecfb8d872/frames.parquet -> ../hf_subset/arena_28/5bc8307c-cb9b-4e98-8d34-3edecfb8d872/frames.parquet
[DONE]
[INFO] Discovered arenas: ['arena_01', 'arena_02', 'arena_03', 'arena_04', 'arena_05', 'arena_06', 'arena_07', 'arena_08', 'arena_09', 'arena_10', 'arena_11', 'arena_12', 'arena_13', 'arena_14', 'arena_15', 'arena_16', 'arena_17', 'arena_18', 'arena_19', 'arena_20', 'arena_21', 'arena_22', 'arena_23', 'arena_24', 'arena_25', 'arena_26', 'arena_27', 'arena_28', 'arena_29', 'arena_30', 'arena_31']
[INFO] Found game '5cb5a534-6005-4311-8808-cc3fe20431cd' in arena_28
[DL] arena_28/5cb5a534-6005-4311-8808-cc3fe20431cd/frames.parquet -> ../hf_subset/arena_28/5cb5a534-6005-4311-8808-cc3fe20431cd/frames.parquet
[DONE]
[INFO] Discovered arenas: ['arena_01', 'arena_02', 'arena_03', 'arena_04', 'arena_05', 'arena_06', 'arena_07', 'arena_08', 'arena_09', 'arena_10', 'arena_11', 'arena_12', 'arena_13', 'arena_14', 'arena_15', 'arena_16', 'arena_17', 'arena_18', 'arena_19', 'arena_20', 'arena_21', 'arena_22', 'arena_23', 'arena_24', 'arena_25', 'arena_26', 'arena_27', 'arena_28', 'arena_29', 'arena_30', 'arena_31']
[INFO] Found game '620bf13e-7415-4e72-944b-653557352d7e' in arena_28
[DL] arena_28/620bf13e-7415-4e72-944b-653557352d7e/frames.parquet -> ../hf_subset/arena_28/620bf13e-7415-4e72-944b-653557352d7e/frames.parquet
[DONE]
[INFO] Discovered arenas: ['arena_01', 'arena_02', 'arena_03', 'arena_04', 'arena_05', 'arena_06', 'arena_07', 'arena_08', 'arena_09', 'arena_10', 'arena_11', 'arena_12', 'arena_13', 'arena_14', 'arena_15', 'arena_16', 'arena_17', 'arena_18', 'arena_19', 'arena_20', 'arena_21', 'arena_22', 'arena_23', 'arena_24', 'arena_25', 'arena_26', 'arena_27', 'arena_28', 'arena_29', 'arena_30', 'arena_31']
[INFO] Found game '63af796a-23a7-468c-a6ff-8f611719c482' in arena_28
[DL] arena_28/63af796a-23a7-468c-a6ff-8f611719c482/frames.parquet -> ../hf_subset/arena_28/63af796a-23a7-468c-a6ff-8f611719c482/frames.parquet
[DONE]
[INFO] Discovered arenas: ['arena_01', 'arena_02', 'arena_03', 'arena_04', 'arena_05', 'arena_06', 'arena_07', 'arena_08', 'arena_09', 'arena_10', 'arena_11', 'arena_12', 'arena_13', 'arena_14', 'arena_15', 'arena_16', 'arena_17', 'arena_18', 'arena_19', 'arena_20', 'arena_21', 'arena_22', 'arena_23', 'arena_24', 'arena_25', 'arena_26', 'arena_27', 'arena_28', 'arena_29', 'arena_30', 'arena_31']
[INFO] Found game '63de6e2c-3a7f-4658-a023-386450024911' in arena_28
[DL] arena_28/63de6e2c-3a7f-4658-a023-386450024911/frames.parquet -> ../hf_subset/arena_28/63de6e2c-3a7f-4658-a023-386450024911/frames.parquet
[DONE]
[INFO] Discovered arenas: ['arena_01', 'arena_02', 'arena_03', 'arena_04', 'arena_05', 'arena_06', 'arena_07', 'arena_08', 'arena_09', 'arena_10', 'arena_11', 'arena_12', 'arena_13', 'arena_14', 'arena_15', 'arena_16', 'arena_17', 'arena_18', 'arena_19', 'arena_20', 'arena_21', 'arena_22', 'arena_23', 'arena_24', 'arena_25', 'arena_26', 'arena_27', 'arena_28', 'arena_29', 'arena_30', 'arena_31']
[INFO] Found game '6555962a-e655-458b-83fd-e409f5d1649f' in arena_28
[DL] arena_28/6555962a-e655-458b-83fd-e409f5d1649f/frames.parquet -> ../hf_subset/arena_28/6555962a-e655-458b-83fd-e409f5d1649f/frames.parquet
[DONE]
[INFO] Discovered arenas: ['arena_01', 'arena_02', 'arena_03', 'arena_04', 'arena_05', 'arena_06', 'arena_07', 'arena_08', 'arena_09', 'arena_10', 'arena_11', 'arena_12', 'arena_13', 'arena_14', 'arena_15', 'arena_16', 'arena_17', 'arena_18', 'arena_19', 'arena_20', 'arena_21', 'arena_22', 'arena_23', 'arena_24', 'arena_25', 'arena_26', 'arena_27', 'arena_28', 'arena_29', 'arena_30', 'arena_31']
[INFO] Found game '67127b40-b5cd-4c08-b79f-818aedc50601' in arena_28
[DL] arena_28/67127b40-b5cd-4c08-b79f-818aedc50601/frames.parquet -> ../hf_subset/arena_28/67127b40-b5cd-4c08-b79f-818aedc50601/frames.parquet
[DONE]
[INFO] Discovered arenas: ['arena_01', 'arena_02', 'arena_03', 'arena_04', 'arena_05', 'arena_06', 'arena_07', 'arena_08', 'arena_09', 'arena_10', 'arena_11', 'arena_12', 'arena_13', 'arena_14', 'arena_15', 'arena_16', 'arena_17', 'arena_18', 'arena_19', 'arena_20', 'arena_21', 'arena_22', 'arena_23', 'arena_24', 'arena_25', 'arena_26', 'arena_27', 'arena_28', 'arena_29', 'arena_30', 'arena_31']
[INFO] Found game '676e165a-4f45-4df0-b3f0-33887f6ff475' in arena_28
[DL] arena_28/676e165a-4f45-4df0-b3f0-33887f6ff475/frames.parquet -> ../hf_subset/arena_28/676e165a-4f45-4df0-b3f0-33887f6ff475/frames.parquet
[DONE]
[INFO] Discovered arenas: ['arena_01', 'arena_02', 'arena_03', 'arena_04', 'arena_05', 'arena_06', 'arena_07', 'arena_08', 'arena_09', 'arena_10', 'arena_11', 'arena_12', 'arena_13', 'arena_14', 'arena_15', 'arena_16', 'arena_17', 'arena_18', 'arena_19', 'arena_20', 'arena_21', 'arena_22', 'arena_23', 'arena_24', 'arena_25', 'arena_26', 'arena_27', 'arena_28', 'arena_29', 'arena_30', 'arena_31']
[INFO] Found game '69ec9079-87d3-4509-8337-3f1a6eed3e57' in arena_28
[DL] arena_28/69ec9079-87d3-4509-8337-3f1a6eed3e57/frames.parquet -> ../hf_subset/arena_28/69ec9079-87d3-4509-8337-3f1a6eed3e57/frames.parquet
[DONE]
[INFO] Discovered arenas: ['arena_01', 'arena_02', 'arena_03', 'arena_04', 'arena_05', 'arena_06', 'arena_07', 'arena_08', 'arena_09', 'arena_10', 'arena_11', 'arena_12', 'arena_13', 'arena_14', 'arena_15', 'arena_16', 'arena_17', 'arena_18', 'arena_19', 'arena_20', 'arena_21', 'arena_22', 'arena_23', 'arena_24', 'arena_25', 'arena_26', 'arena_27', 'arena_28', 'arena_29', 'arena_30', 'arena_31']
[INFO] Found game '6a5bbd9c-b4d5-4cfc-87d1-56469682bd4f' in arena_28
[DL] arena_28/6a5bbd9c-b4d5-4cfc-87d1-56469682bd4f/frames.parquet -> ../hf_subset/arena_28/6a5bbd9c-b4d5-4cfc-87d1-56469682bd4f/frames.parquet
[DONE]
[INFO] Discovered arenas: ['arena_01', 'arena_02', 'arena_03', 'arena_04', 'arena_05', 'arena_06', 'arena_07', 'arena_08', 'arena_09', 'arena_10', 'arena_11', 'arena_12', 'arena_13', 'arena_14', 'arena_15', 'arena_16', 'arena_17', 'arena_18', 'arena_19', 'arena_20', 'arena_21', 'arena_22', 'arena_23', 'arena_24', 'arena_25', 'arena_26', 'arena_27', 'arena_28', 'arena_29', 'arena_30', 'arena_31']
[INFO] Found game '6cff51af-bc87-4828-b96b-97d9cccf517d' in arena_28
[DL] arena_28/6cff51af-bc87-4828-b96b-97d9cccf517d/frames.parquet -> ../hf_subset/arena_28/6cff51af-bc87-4828-b96b-97d9cccf517d/frames.parquet
[DONE]
[INFO] Discovered arenas: ['arena_01', 'arena_02', 'arena_03', 'arena_04', 'arena_05', 'arena_06', 'arena_07', 'arena_08', 'arena_09', 'arena_10', 'arena_11', 'arena_12', 'arena_13', 'arena_14', 'arena_15', 'arena_16', 'arena_17', 'arena_18', 'arena_19', 'arena_20', 'arena_21', 'arena_22', 'arena_23', 'arena_24', 'arena_25', 'arena_26', 'arena_27', 'arena_28', 'arena_29', 'arena_30', 'arena_31']
[INFO] Found game '6ec3eb61-a611-4687-bdc7-9a1ae40974b6' in arena_28
[DL] arena_28/6ec3eb61-a611-4687-bdc7-9a1ae40974b6/frames.parquet -> ../hf_subset/arena_28/6ec3eb61-a611-4687-bdc7-9a1ae40974b6/frames.parquet
[DONE]
[INFO] Discovered arenas: ['arena_01', 'arena_02', 'arena_03', 'arena_04', 'arena_05', 'arena_06', 'arena_07', 'arena_08', 'arena_09', 'arena_10', 'arena_11', 'arena_12', 'arena_13', 'arena_14', 'arena_15', 'arena_16', 'arena_17', 'arena_18', 'arena_19', 'arena_20', 'arena_21', 'arena_22', 'arena_23', 'arena_24', 'arena_25', 'arena_26', 'arena_27', 'arena_28', 'arena_29', 'arena_30', 'arena_31']
[INFO] Found game '70070795-b14d-4a47-8b23-6f22885c463c' in arena_28
[DL] arena_28/70070795-b14d-4a47-8b23-6f22885c463c/frames.parquet -> ../hf_subset/arena_28/70070795-b14d-4a47-8b23-6f22885c463c/frames.parquet
[DONE]
[INFO] Discovered arenas: ['arena_01', 'arena_02', 'arena_03', 'arena_04', 'arena_05', 'arena_06', 'arena_07', 'arena_08', 'arena_09', 'arena_10', 'arena_11', 'arena_12', 'arena_13', 'arena_14', 'arena_15', 'arena_16', 'arena_17', 'arena_18', 'arena_19', 'arena_20', 'arena_21', 'arena_22', 'arena_23', 'arena_24', 'arena_25', 'arena_26', 'arena_27', 'arena_28', 'arena_29', 'arena_30', 'arena_31']
[INFO] Found game '7701d646-8cb6-4cd5-b443-5ad8a2488ae1' in arena_28
[DL] arena_28/7701d646-8cb6-4cd5-b443-5ad8a2488ae1/frames.parquet -> ../hf_subset/arena_28/7701d646-8cb6-4cd5-b443-5ad8a2488ae1/frames.parquet
[DONE]
[INFO] Discovered arenas: ['arena_01', 'arena_02', 'arena_03', 'arena_04', 'arena_05', 'arena_06', 'arena_07', 'arena_08', 'arena_09', 'arena_10', 'arena_11', 'arena_12', 'arena_13', 'arena_14', 'arena_15', 'arena_16', 'arena_17', 'arena_18', 'arena_19', 'arena_20', 'arena_21', 'arena_22', 'arena_23', 'arena_24', 'arena_25', 'arena_26', 'arena_27', 'arena_28', 'arena_29', 'arena_30', 'arena_31']
[INFO] Found game '79b91881-8341-4bca-bd7a-07c67c65a9a6' in arena_28
[DL] arena_28/79b91881-8341-4bca-bd7a-07c67c65a9a6/frames.parquet -> ../hf_subset/arena_28/79b91881-8341-4bca-bd7a-07c67c65a9a6/frames.parquet
[DONE]
[INFO] Discovered arenas: ['arena_01', 'arena_02', 'arena_03', 'arena_04', 'arena_05', 'arena_06', 'arena_07', 'arena_08', 'arena_09', 'arena_10', 'arena_11', 'arena_12', 'arena_13', 'arena_14', 'arena_15', 'arena_16', 'arena_17', 'arena_18', 'arena_19', 'arena_20', 'arena_21', 'arena_22', 'arena_23', 'arena_24', 'arena_25', 'arena_26', 'arena_27', 'arena_28', 'arena_29', 'arena_30', 'arena_31']
[INFO] Found game '7cb7c9a3-6106-4f16-bddc-2c80d83a70f2' in arena_28
[DL] arena_28/7cb7c9a3-6106-4f16-bddc-2c80d83a70f2/frames.parquet -> ../hf_subset/arena_28/7cb7c9a3-6106-4f16-bddc-2c80d83a70f2/frames.parquet
[DONE]
[INFO] Discovered arenas: ['arena_01', 'arena_02', 'arena_03', 'arena_04', 'arena_05', 'arena_06', 'arena_07', 'arena_08', 'arena_09', 'arena_10', 'arena_11', 'arena_12', 'arena_13', 'arena_14', 'arena_15', 'arena_16', 'arena_17', 'arena_18', 'arena_19', 'arena_20', 'arena_21', 'arena_22', 'arena_23', 'arena_24', 'arena_25', 'arena_26', 'arena_27', 'arena_28', 'arena_29', 'arena_30', 'arena_31']
[INFO] Found game '7ebc5e19-a057-42b0-a18b-f7859fa8b1aa' in arena_28
[DL] arena_28/7ebc5e19-a057-42b0-a18b-f7859fa8b1aa/frames.parquet -> ../hf_subset/arena_28/7ebc5e19-a057-42b0-a18b-f7859fa8b1aa/frames.parquet
[DONE]
[INFO] Discovered arenas: ['arena_01', 'arena_02', 'arena_03', 'arena_04', 'arena_05', 'arena_06', 'arena_07', 'arena_08', 'arena_09', 'arena_10', 'arena_11', 'arena_12', 'arena_13', 'arena_14', 'arena_15', 'arena_16', 'arena_17', 'arena_18', 'arena_19', 'arena_20', 'arena_21', 'arena_22', 'arena_23', 'arena_24', 'arena_25', 'arena_26', 'arena_27', 'arena_28', 'arena_29', 'arena_30', 'arena_31']
[INFO] Found game '80f1c990-54c7-4f1f-a3e0-729125bc7ebe' in arena_28
[DL] arena_28/80f1c990-54c7-4f1f-a3e0-729125bc7ebe/frames.parquet -> ../hf_subset/arena_28/80f1c990-54c7-4f1f-a3e0-729125bc7ebe/frames.parquet
[DONE]
[INFO] Discovered arenas: ['arena_01', 'arena_02', 'arena_03', 'arena_04', 'arena_05', 'arena_06', 'arena_07', 'arena_08', 'arena_09', 'arena_10', 'arena_11', 'arena_12', 'arena_13', 'arena_14', 'arena_15', 'arena_16', 'arena_17', 'arena_18', 'arena_19', 'arena_20', 'arena_21', 'arena_22', 'arena_23', 'arena_24', 'arena_25', 'arena_26', 'arena_27', 'arena_28', 'arena_29', 'arena_30', 'arena_31']
[INFO] Found game '8329325f-ae49-4f7f-be3d-1a34aa76ff43' in arena_28
[DL] arena_28/8329325f-ae49-4f7f-be3d-1a34aa76ff43/frames.parquet -> ../hf_subset/arena_28/8329325f-ae49-4f7f-be3d-1a34aa76ff43/frames.parquet
[DONE]
[INFO] Discovered arenas: ['arena_01', 'arena_02', 'arena_03', 'arena_04', 'arena_05', 'arena_06', 'arena_07', 'arena_08', 'arena_09', 'arena_10', 'arena_11', 'arena_12', 'arena_13', 'arena_14', 'arena_15', 'arena_16', 'arena_17', 'arena_18', 'arena_19', 'arena_20', 'arena_21', 'arena_22', 'arena_23', 'arena_24', 'arena_25', 'arena_26', 'arena_27', 'arena_28', 'arena_29', 'arena_30', 'arena_31']
[INFO] Found game '8414e7f6-921d-47de-a3ca-82a7e3fe0f91' in arena_28
[DL] arena_28/8414e7f6-921d-47de-a3ca-82a7e3fe0f91/frames.parquet -> ../hf_subset/arena_28/8414e7f6-921d-47de-a3ca-82a7e3fe0f91/frames.parquet
[DONE]
[INFO] Discovered arenas: ['arena_01', 'arena_02', 'arena_03', 'arena_04', 'arena_05', 'arena_06', 'arena_07', 'arena_08', 'arena_09', 'arena_10', 'arena_11', 'arena_12', 'arena_13', 'arena_14', 'arena_15', 'arena_16', 'arena_17', 'arena_18', 'arena_19', 'arena_20', 'arena_21', 'arena_22', 'arena_23', 'arena_24', 'arena_25', 'arena_26', 'arena_27', 'arena_28', 'arena_29', 'arena_30', 'arena_31']
[INFO] Found game '861b1d46-9a3d-4a99-8f82-750604bda220' in arena_28
[DL] arena_28/861b1d46-9a3d-4a99-8f82-750604bda220/frames.parquet -> ../hf_subset/arena_28/861b1d46-9a3d-4a99-8f82-750604bda220/frames.parquet
[DONE]
[INFO] Discovered arenas: ['arena_01', 'arena_02', 'arena_03', 'arena_04', 'arena_05', 'arena_06', 'arena_07', 'arena_08', 'arena_09', 'arena_10', 'arena_11', 'arena_12', 'arena_13', 'arena_14', 'arena_15', 'arena_16', 'arena_17', 'arena_18', 'arena_19', 'arena_20', 'arena_21', 'arena_22', 'arena_23', 'arena_24', 'arena_25', 'arena_26', 'arena_27', 'arena_28', 'arena_29', 'arena_30', 'arena_31']
[INFO] Found game '868bb299-af44-4f10-b99d-7a61ec4b8750' in arena_28
[DL] arena_28/868bb299-af44-4f10-b99d-7a61ec4b8750/frames.parquet -> ../hf_subset/arena_28/868bb299-af44-4f10-b99d-7a61ec4b8750/frames.parquet
[DONE]
[INFO] Discovered arenas: ['arena_01', 'arena_02', 'arena_03', 'arena_04', 'arena_05', 'arena_06', 'arena_07', 'arena_08', 'arena_09', 'arena_10', 'arena_11', 'arena_12', 'arena_13', 'arena_14', 'arena_15', 'arena_16', 'arena_17', 'arena_18', 'arena_19', 'arena_20', 'arena_21', 'arena_22', 'arena_23', 'arena_24', 'arena_25', 'arena_26', 'arena_27', 'arena_28', 'arena_29', 'arena_30', 'arena_31']
[INFO] Found game '88dadc0e-a519-4cf0-81c9-be9f514244ef' in arena_28
[DL] arena_28/88dadc0e-a519-4cf0-81c9-be9f514244ef/frames.parquet -> ../hf_subset/arena_28/88dadc0e-a519-4cf0-81c9-be9f514244ef/frames.parquet
[DONE]
[INFO] Discovered arenas: ['arena_01', 'arena_02', 'arena_03', 'arena_04', 'arena_05', 'arena_06', 'arena_07', 'arena_08', 'arena_09', 'arena_10', 'arena_11', 'arena_12', 'arena_13', 'arena_14', 'arena_15', 'arena_16', 'arena_17', 'arena_18', 'arena_19', 'arena_20', 'arena_21', 'arena_22', 'arena_23', 'arena_24', 'arena_25', 'arena_26', 'arena_27', 'arena_28', 'arena_29', 'arena_30', 'arena_31']
[INFO] Found game '892db753-31b4-4c0b-8cd6-c46dc64366ba' in arena_28
[DL] arena_28/892db753-31b4-4c0b-8cd6-c46dc64366ba/frames.parquet -> ../hf_subset/arena_28/892db753-31b4-4c0b-8cd6-c46dc64366ba/frames.parquet
[DONE]
[INFO] Discovered arenas: ['arena_01', 'arena_02', 'arena_03', 'arena_04', 'arena_05', 'arena_06', 'arena_07', 'arena_08', 'arena_09', 'arena_10', 'arena_11', 'arena_12', 'arena_13', 'arena_14', 'arena_15', 'arena_16', 'arena_17', 'arena_18', 'arena_19', 'arena_20', 'arena_21', 'arena_22', 'arena_23', 'arena_24', 'arena_25', 'arena_26', 'arena_27', 'arena_28', 'arena_29', 'arena_30', 'arena_31']
[INFO] Found game '8a822128-fa6e-4710-95bb-d455edfd5849' in arena_28
[DL] arena_28/8a822128-fa6e-4710-95bb-d455edfd5849/frames.parquet -> ../hf_subset/arena_28/8a822128-fa6e-4710-95bb-d455edfd5849/frames.parquet
[DONE]
[INFO] Discovered arenas: ['arena_01', 'arena_02', 'arena_03', 'arena_04', 'arena_05', 'arena_06', 'arena_07', 'arena_08', 'arena_09', 'arena_10', 'arena_11', 'arena_12', 'arena_13', 'arena_14', 'arena_15', 'arena_16', 'arena_17', 'arena_18', 'arena_19', 'arena_20', 'arena_21', 'arena_22', 'arena_23', 'arena_24', 'arena_25', 'arena_26', 'arena_27', 'arena_28', 'arena_29', 'arena_30', 'arena_31']
[INFO] Found game '8ab68ef6-2aec-421c-a6c1-c02ba45cb5cc' in arena_28
[DL] arena_28/8ab68ef6-2aec-421c-a6c1-c02ba45cb5cc/frames.parquet -> ../hf_subset/arena_28/8ab68ef6-2aec-421c-a6c1-c02ba45cb5cc/frames.parquet
[DONE]
[INFO] Discovered arenas: ['arena_01', 'arena_02', 'arena_03', 'arena_04', 'arena_05', 'arena_06', 'arena_07', 'arena_08', 'arena_09', 'arena_10', 'arena_11', 'arena_12', 'arena_13', 'arena_14', 'arena_15', 'arena_16', 'arena_17', 'arena_18', 'arena_19', 'arena_20', 'arena_21', 'arena_22', 'arena_23', 'arena_24', 'arena_25', 'arena_26', 'arena_27', 'arena_28', 'arena_29', 'arena_30', 'arena_31']
[INFO] Found game '8abe4006-b3e4-47c9-99d2-7ba83ef7a787' in arena_28
[DL] arena_28/8abe4006-b3e4-47c9-99d2-7ba83ef7a787/frames.parquet -> ../hf_subset/arena_28/8abe4006-b3e4-47c9-99d2-7ba83ef7a787/frames.parquet
[DONE]
[INFO] Discovered arenas: ['arena_01', 'arena_02', 'arena_03', 'arena_04', 'arena_05', 'arena_06', 'arena_07', 'arena_08', 'arena_09', 'arena_10', 'arena_11', 'arena_12', 'arena_13', 'arena_14', 'arena_15', 'arena_16', 'arena_17', 'arena_18', 'arena_19', 'arena_20', 'arena_21', 'arena_22', 'arena_23', 'arena_24', 'arena_25', 'arena_26', 'arena_27', 'arena_28', 'arena_29', 'arena_30', 'arena_31']
[INFO] Found game '8b778171-d90d-44aa-b2b2-41eba1b66e76' in arena_28
[DL] arena_28/8b778171-d90d-44aa-b2b2-41eba1b66e76/frames.parquet -> ../hf_subset/arena_28/8b778171-d90d-44aa-b2b2-41eba1b66e76/frames.parquet
[DONE]
[INFO] Discovered arenas: ['arena_01', 'arena_02', 'arena_03', 'arena_04', 'arena_05', 'arena_06', 'arena_07', 'arena_08', 'arena_09', 'arena_10', 'arena_11', 'arena_12', 'arena_13', 'arena_14', 'arena_15', 'arena_16', 'arena_17', 'arena_18', 'arena_19', 'arena_20', 'arena_21', 'arena_22', 'arena_23', 'arena_24', 'arena_25', 'arena_26', 'arena_27', 'arena_28', 'arena_29', 'arena_30', 'arena_31']
[INFO] Found game '8bdbede2-27a5-4883-b95a-ab2651d37a06' in arena_28
[DL] arena_28/8bdbede2-27a5-4883-b95a-ab2651d37a06/frames.parquet -> ../hf_subset/arena_28/8bdbede2-27a5-4883-b95a-ab2651d37a06/frames.parquet
[DONE]
[INFO] Discovered arenas: ['arena_01', 'arena_02', 'arena_03', 'arena_04', 'arena_05', 'arena_06', 'arena_07', 'arena_08', 'arena_09', 'arena_10', 'arena_11', 'arena_12', 'arena_13', 'arena_14', 'arena_15', 'arena_16', 'arena_17', 'arena_18', 'arena_19', 'arena_20', 'arena_21', 'arena_22', 'arena_23', 'arena_24', 'arena_25', 'arena_26', 'arena_27', 'arena_28', 'arena_29', 'arena_30', 'arena_31']
[INFO] Found game '8bfe6f5d-942c-484b-abe5-7cd7899cb1d2' in arena_28
[DL] arena_28/8bfe6f5d-942c-484b-abe5-7cd7899cb1d2/frames.parquet -> ../hf_subset/arena_28/8bfe6f5d-942c-484b-abe5-7cd7899cb1d2/frames.parquet
[DONE]
[INFO] Discovered arenas: ['arena_01', 'arena_02', 'arena_03', 'arena_04', 'arena_05', 'arena_06', 'arena_07', 'arena_08', 'arena_09', 'arena_10', 'arena_11', 'arena_12', 'arena_13', 'arena_14', 'arena_15', 'arena_16', 'arena_17', 'arena_18', 'arena_19', 'arena_20', 'arena_21', 'arena_22', 'arena_23', 'arena_24', 'arena_25', 'arena_26', 'arena_27', 'arena_28', 'arena_29', 'arena_30', 'arena_31']
[INFO] Found game '916c3827-61d1-4a5f-9613-a77026f8c87e' in arena_28
[DL] arena_28/916c3827-61d1-4a5f-9613-a77026f8c87e/frames.parquet -> ../hf_subset/arena_28/916c3827-61d1-4a5f-9613-a77026f8c87e/frames.parquet
[DONE]
[INFO] Discovered arenas: ['arena_01', 'arena_02', 'arena_03', 'arena_04', 'arena_05', 'arena_06', 'arena_07', 'arena_08', 'arena_09', 'arena_10', 'arena_11', 'arena_12', 'arena_13', 'arena_14', 'arena_15', 'arena_16', 'arena_17', 'arena_18', 'arena_19', 'arena_20', 'arena_21', 'arena_22', 'arena_23', 'arena_24', 'arena_25', 'arena_26', 'arena_27', 'arena_28', 'arena_29', 'arena_30', 'arena_31']
[INFO] Found game '9229c9dd-dcb2-436e-bc36-50c61e2f7938' in arena_28
[DL] arena_28/9229c9dd-dcb2-436e-bc36-50c61e2f7938/frames.parquet -> ../hf_subset/arena_28/9229c9dd-dcb2-436e-bc36-50c61e2f7938/frames.parquet
[DONE]
[INFO] Discovered arenas: ['arena_01', 'arena_02', 'arena_03', 'arena_04', 'arena_05', 'arena_06', 'arena_07', 'arena_08', 'arena_09', 'arena_10', 'arena_11', 'arena_12', 'arena_13', 'arena_14', 'arena_15', 'arena_16', 'arena_17', 'arena_18', 'arena_19', 'arena_20', 'arena_21', 'arena_22', 'arena_23', 'arena_24', 'arena_25', 'arena_26', 'arena_27', 'arena_28', 'arena_29', 'arena_30', 'arena_31']
[INFO] Found game '961b0e49-0dd6-4ae0-b7f9-5defca7915f6' in arena_28
[DL] arena_28/961b0e49-0dd6-4ae0-b7f9-5defca7915f6/frames.parquet -> ../hf_subset/arena_28/961b0e49-0dd6-4ae0-b7f9-5defca7915f6/frames.parquet
[DONE]
[INFO] Discovered arenas: ['arena_01', 'arena_02', 'arena_03', 'arena_04', 'arena_05', 'arena_06', 'arena_07', 'arena_08', 'arena_09', 'arena_10', 'arena_11', 'arena_12', 'arena_13', 'arena_14', 'arena_15', 'arena_16', 'arena_17', 'arena_18', 'arena_19', 'arena_20', 'arena_21', 'arena_22', 'arena_23', 'arena_24', 'arena_25', 'arena_26', 'arena_27', 'arena_28', 'arena_29', 'arena_30', 'arena_31']
[INFO] Found game '96eb7be8-ab41-43ac-8138-80acf2dc6e1f' in arena_28
[DL] arena_28/96eb7be8-ab41-43ac-8138-80acf2dc6e1f/frames.parquet -> ../hf_subset/arena_28/96eb7be8-ab41-43ac-8138-80acf2dc6e1f/frames.parquet
[DONE]
[INFO] Discovered arenas: ['arena_01', 'arena_02', 'arena_03', 'arena_04', 'arena_05', 'arena_06', 'arena_07', 'arena_08', 'arena_09', 'arena_10', 'arena_11', 'arena_12', 'arena_13', 'arena_14', 'arena_15', 'arena_16', 'arena_17', 'arena_18', 'arena_19', 'arena_20', 'arena_21', 'arena_22', 'arena_23', 'arena_24', 'arena_25', 'arena_26', 'arena_27', 'arena_28', 'arena_29', 'arena_30', 'arena_31']
[INFO] Found game '983139b8-edf6-4921-a1d0-2dab74fa3fb3' in arena_28
[DL] arena_28/983139b8-edf6-4921-a1d0-2dab74fa3fb3/frames.parquet -> ../hf_subset/arena_28/983139b8-edf6-4921-a1d0-2dab74fa3fb3/frames.parquet
[DONE]
[INFO] Discovered arenas: ['arena_01', 'arena_02', 'arena_03', 'arena_04', 'arena_05', 'arena_06', 'arena_07', 'arena_08', 'arena_09', 'arena_10', 'arena_11', 'arena_12', 'arena_13', 'arena_14', 'arena_15', 'arena_16', 'arena_17', 'arena_18', 'arena_19', 'arena_20', 'arena_21', 'arena_22', 'arena_23', 'arena_24', 'arena_25', 'arena_26', 'arena_27', 'arena_28', 'arena_29', 'arena_30', 'arena_31']
[INFO] Found game '987c5704-3a3a-402c-8cba-9c0fe37796ae' in arena_28
[DL] arena_28/987c5704-3a3a-402c-8cba-9c0fe37796ae/frames.parquet -> ../hf_subset/arena_28/987c5704-3a3a-402c-8cba-9c0fe37796ae/frames.parquet
[DONE]
[INFO] Discovered arenas: ['arena_01', 'arena_02', 'arena_03', 'arena_04', 'arena_05', 'arena_06', 'arena_07', 'arena_08', 'arena_09', 'arena_10', 'arena_11', 'arena_12', 'arena_13', 'arena_14', 'arena_15', 'arena_16', 'arena_17', 'arena_18', 'arena_19', 'arena_20', 'arena_21', 'arena_22', 'arena_23', 'arena_24', 'arena_25', 'arena_26', 'arena_27', 'arena_28', 'arena_29', 'arena_30', 'arena_31']
[INFO] Found game '98decbe1-ff78-47f2-9b64-2b27d0cce39b' in arena_28
[DL] arena_28/98decbe1-ff78-47f2-9b64-2b27d0cce39b/frames.parquet -> ../hf_subset/arena_28/98decbe1-ff78-47f2-9b64-2b27d0cce39b/frames.parquet
[DONE]
[INFO] Discovered arenas: ['arena_01', 'arena_02', 'arena_03', 'arena_04', 'arena_05', 'arena_06', 'arena_07', 'arena_08', 'arena_09', 'arena_10', 'arena_11', 'arena_12', 'arena_13', 'arena_14', 'arena_15', 'arena_16', 'arena_17', 'arena_18', 'arena_19', 'arena_20', 'arena_21', 'arena_22', 'arena_23', 'arena_24', 'arena_25', 'arena_26', 'arena_27', 'arena_28', 'arena_29', 'arena_30', 'arena_31']
[INFO] Found game '9cd30a9c-f3bb-4dc7-995b-5b1a3cb329ca' in arena_28
[DL] arena_28/9cd30a9c-f3bb-4dc7-995b-5b1a3cb329ca/frames.parquet -> ../hf_subset/arena_28/9cd30a9c-f3bb-4dc7-995b-5b1a3cb329ca/frames.parquet
[DONE]
[INFO] Discovered arenas: ['arena_01', 'arena_02', 'arena_03', 'arena_04', 'arena_05', 'arena_06', 'arena_07', 'arena_08', 'arena_09', 'arena_10', 'arena_11', 'arena_12', 'arena_13', 'arena_14', 'arena_15', 'arena_16', 'arena_17', 'arena_18', 'arena_19', 'arena_20', 'arena_21', 'arena_22', 'arena_23', 'arena_24', 'arena_25', 'arena_26', 'arena_27', 'arena_28', 'arena_29', 'arena_30', 'arena_31']
[INFO] Found game 'a03e8136-3f77-41fc-8227-d80e44ce2abc' in arena_28
[DL] arena_28/a03e8136-3f77-41fc-8227-d80e44ce2abc/frames.parquet -> ../hf_subset/arena_28/a03e8136-3f77-41fc-8227-d80e44ce2abc/frames.parquet
[DONE]
[INFO] Discovered arenas: ['arena_01', 'arena_02', 'arena_03', 'arena_04', 'arena_05', 'arena_06', 'arena_07', 'arena_08', 'arena_09', 'arena_10', 'arena_11', 'arena_12', 'arena_13', 'arena_14', 'arena_15', 'arena_16', 'arena_17', 'arena_18', 'arena_19', 'arena_20', 'arena_21', 'arena_22', 'arena_23', 'arena_24', 'arena_25', 'arena_26', 'arena_27', 'arena_28', 'arena_29', 'arena_30', 'arena_31']
[INFO] Found game 'a6736ed9-550a-488d-a726-9c559fc53a30' in arena_28
[DL] arena_28/a6736ed9-550a-488d-a726-9c559fc53a30/frames.parquet -> ../hf_subset/arena_28/a6736ed9-550a-488d-a726-9c559fc53a30/frames.parquet
[DONE]
[INFO] Discovered arenas: ['arena_01', 'arena_02', 'arena_03', 'arena_04', 'arena_05', 'arena_06', 'arena_07', 'arena_08', 'arena_09', 'arena_10', 'arena_11', 'arena_12', 'arena_13', 'arena_14', 'arena_15', 'arena_16', 'arena_17', 'arena_18', 'arena_19', 'arena_20', 'arena_21', 'arena_22', 'arena_23', 'arena_24', 'arena_25', 'arena_26', 'arena_27', 'arena_28', 'arena_29', 'arena_30', 'arena_31']
[INFO] Found game 'a75612db-6a10-4776-9c19-6e59a52f8dab' in arena_28
[DL] arena_28/a75612db-6a10-4776-9c19-6e59a52f8dab/frames.parquet -> ../hf_subset/arena_28/a75612db-6a10-4776-9c19-6e59a52f8dab/frames.parquet
[DONE]
[INFO] Discovered arenas: ['arena_01', 'arena_02', 'arena_03', 'arena_04', 'arena_05', 'arena_06', 'arena_07', 'arena_08', 'arena_09', 'arena_10', 'arena_11', 'arena_12', 'arena_13', 'arena_14', 'arena_15', 'arena_16', 'arena_17', 'arena_18', 'arena_19', 'arena_20', 'arena_21', 'arena_22', 'arena_23', 'arena_24', 'arena_25', 'arena_26', 'arena_27', 'arena_28', 'arena_29', 'arena_30', 'arena_31']
[INFO] Found game 'b00730f0-0ae3-4413-ad24-ca2a88d020b6' in arena_28
[DL] arena_28/b00730f0-0ae3-4413-ad24-ca2a88d020b6/frames.parquet -> ../hf_subset/arena_28/b00730f0-0ae3-4413-ad24-ca2a88d020b6/frames.parquet
[DONE]
[INFO] Discovered arenas: ['arena_01', 'arena_02', 'arena_03', 'arena_04', 'arena_05', 'arena_06', 'arena_07', 'arena_08', 'arena_09', 'arena_10', 'arena_11', 'arena_12', 'arena_13', 'arena_14', 'arena_15', 'arena_16', 'arena_17', 'arena_18', 'arena_19', 'arena_20', 'arena_21', 'arena_22', 'arena_23', 'arena_24', 'arena_25', 'arena_26', 'arena_27', 'arena_28', 'arena_29', 'arena_30', 'arena_31']
[INFO] Found game 'b7a5ca32-4446-4a65-8dd7-d7ab0ae49a4d' in arena_28
[DL] arena_28/b7a5ca32-4446-4a65-8dd7-d7ab0ae49a4d/frames.parquet -> ../hf_subset/arena_28/b7a5ca32-4446-4a65-8dd7-d7ab0ae49a4d/frames.parquet
[DONE]
[INFO] Discovered arenas: ['arena_01', 'arena_02', 'arena_03', 'arena_04', 'arena_05', 'arena_06', 'arena_07', 'arena_08', 'arena_09', 'arena_10', 'arena_11', 'arena_12', 'arena_13', 'arena_14', 'arena_15', 'arena_16', 'arena_17', 'arena_18', 'arena_19', 'arena_20', 'arena_21', 'arena_22', 'arena_23', 'arena_24', 'arena_25', 'arena_26', 'arena_27', 'arena_28', 'arena_29', 'arena_30', 'arena_31']
[INFO] Found game 'c0ce1c6f-a736-4502-aad9-f279bddbaad1' in arena_28
[DL] arena_28/c0ce1c6f-a736-4502-aad9-f279bddbaad1/frames.parquet -> ../hf_subset/arena_28/c0ce1c6f-a736-4502-aad9-f279bddbaad1/frames.parquet
[DONE]
[INFO] Discovered arenas: ['arena_01', 'arena_02', 'arena_03', 'arena_04', 'arena_05', 'arena_06', 'arena_07', 'arena_08', 'arena_09', 'arena_10', 'arena_11', 'arena_12', 'arena_13', 'arena_14', 'arena_15', 'arena_16', 'arena_17', 'arena_18', 'arena_19', 'arena_20', 'arena_21', 'arena_22', 'arena_23', 'arena_24', 'arena_25', 'arena_26', 'arena_27', 'arena_28', 'arena_29', 'arena_30', 'arena_31']
[INFO] Found game 'c4b89296-a21e-4e9d-a382-7c2cf59af820' in arena_28
[DL] arena_28/c4b89296-a21e-4e9d-a382-7c2cf59af820/frames.parquet -> ../hf_subset/arena_28/c4b89296-a21e-4e9d-a382-7c2cf59af820/frames.parquet
[DONE]
[INFO] Discovered arenas: ['arena_01', 'arena_02', 'arena_03', 'arena_04', 'arena_05', 'arena_06', 'arena_07', 'arena_08', 'arena_09', 'arena_10', 'arena_11', 'arena_12', 'arena_13', 'arena_14', 'arena_15', 'arena_16', 'arena_17', 'arena_18', 'arena_19', 'arena_20', 'arena_21', 'arena_22', 'arena_23', 'arena_24', 'arena_25', 'arena_26', 'arena_27', 'arena_28', 'arena_29', 'arena_30', 'arena_31']
[INFO] Found game 'c52cac7f-8587-4697-8215-1c1b5cbeedad' in arena_28
[DL] arena_28/c52cac7f-8587-4697-8215-1c1b5cbeedad/frames.parquet -> ../hf_subset/arena_28/c52cac7f-8587-4697-8215-1c1b5cbeedad/frames.parquet
[DONE]
[INFO] Discovered arenas: ['arena_01', 'arena_02', 'arena_03', 'arena_04', 'arena_05', 'arena_06', 'arena_07', 'arena_08', 'arena_09', 'arena_10', 'arena_11', 'arena_12', 'arena_13', 'arena_14', 'arena_15', 'arena_16', 'arena_17', 'arena_18', 'arena_19', 'arena_20', 'arena_21', 'arena_22', 'arena_23', 'arena_24', 'arena_25', 'arena_26', 'arena_27', 'arena_28', 'arena_29', 'arena_30', 'arena_31']
[INFO] Found game 'c7a681ba-4f18-479f-be15-f367427749d3' in arena_28
[DL] arena_28/c7a681ba-4f18-479f-be15-f367427749d3/frames.parquet -> ../hf_subset/arena_28/c7a681ba-4f18-479f-be15-f367427749d3/frames.parquet
[DONE]
[INFO] Discovered arenas: ['arena_01', 'arena_02', 'arena_03', 'arena_04', 'arena_05', 'arena_06', 'arena_07', 'arena_08', 'arena_09', 'arena_10', 'arena_11', 'arena_12', 'arena_13', 'arena_14', 'arena_15', 'arena_16', 'arena_17', 'arena_18', 'arena_19', 'arena_20', 'arena_21', 'arena_22', 'arena_23', 'arena_24', 'arena_25', 'arena_26', 'arena_27', 'arena_28', 'arena_29', 'arena_30', 'arena_31']
[INFO] Found game 'caf9ee66-692b-4aea-aba0-4877de6af9a7' in arena_28
[DL] arena_28/caf9ee66-692b-4aea-aba0-4877de6af9a7/frames.parquet -> ../hf_subset/arena_28/caf9ee66-692b-4aea-aba0-4877de6af9a7/frames.parquet
[DONE]
[INFO] Discovered arenas: ['arena_01', 'arena_02', 'arena_03', 'arena_04', 'arena_05', 'arena_06', 'arena_07', 'arena_08', 'arena_09', 'arena_10', 'arena_11', 'arena_12', 'arena_13', 'arena_14', 'arena_15', 'arena_16', 'arena_17', 'arena_18', 'arena_19', 'arena_20', 'arena_21', 'arena_22', 'arena_23', 'arena_24', 'arena_25', 'arena_26', 'arena_27', 'arena_28', 'arena_29', 'arena_30', 'arena_31']
[INFO] Found game 'cbe72504-e7b2-41fe-886b-0a4167f337f6' in arena_28
[DL] arena_28/cbe72504-e7b2-41fe-886b-0a4167f337f6/frames.parquet -> ../hf_subset/arena_28/cbe72504-e7b2-41fe-886b-0a4167f337f6/frames.parquet
[DONE]
[INFO] Discovered arenas: ['arena_01', 'arena_02', 'arena_03', 'arena_04', 'arena_05', 'arena_06', 'arena_07', 'arena_08', 'arena_09', 'arena_10', 'arena_11', 'arena_12', 'arena_13', 'arena_14', 'arena_15', 'arena_16', 'arena_17', 'arena_18', 'arena_19', 'arena_20', 'arena_21', 'arena_22', 'arena_23', 'arena_24', 'arena_25', 'arena_26', 'arena_27', 'arena_28', 'arena_29', 'arena_30', 'arena_31']
[INFO] Found game 'cd72b57c-4c58-4445-8914-13cded6d51aa' in arena_28
[DL] arena_28/cd72b57c-4c58-4445-8914-13cded6d51aa/frames.parquet -> ../hf_subset/arena_28/cd72b57c-4c58-4445-8914-13cded6d51aa/frames.parquet
[DONE]
[INFO] Discovered arenas: ['arena_01', 'arena_02', 'arena_03', 'arena_04', 'arena_05', 'arena_06', 'arena_07', 'arena_08', 'arena_09', 'arena_10', 'arena_11', 'arena_12', 'arena_13', 'arena_14', 'arena_15', 'arena_16', 'arena_17', 'arena_18', 'arena_19', 'arena_20', 'arena_21', 'arena_22', 'arena_23', 'arena_24', 'arena_25', 'arena_26', 'arena_27', 'arena_28', 'arena_29', 'arena_30', 'arena_31']
[INFO] Found game 'ce6ae504-aa58-4c4f-968f-8f3a825e2420' in arena_28
[DL] arena_28/ce6ae504-aa58-4c4f-968f-8f3a825e2420/frames.parquet -> ../hf_subset/arena_28/ce6ae504-aa58-4c4f-968f-8f3a825e2420/frames.parquet
[DONE]
[INFO] Discovered arenas: ['arena_01', 'arena_02', 'arena_03', 'arena_04', 'arena_05', 'arena_06', 'arena_07', 'arena_08', 'arena_09', 'arena_10', 'arena_11', 'arena_12', 'arena_13', 'arena_14', 'arena_15', 'arena_16', 'arena_17', 'arena_18', 'arena_19', 'arena_20', 'arena_21', 'arena_22', 'arena_23', 'arena_24', 'arena_25', 'arena_26', 'arena_27', 'arena_28', 'arena_29', 'arena_30', 'arena_31']
[INFO] Found game 'd2af6e73-682c-4442-a201-448a45dc4c89' in arena_28
[DL] arena_28/d2af6e73-682c-4442-a201-448a45dc4c89/frames.parquet -> ../hf_subset/arena_28/d2af6e73-682c-4442-a201-448a45dc4c89/frames.parquet
[DONE]
[INFO] Discovered arenas: ['arena_01', 'arena_02', 'arena_03', 'arena_04', 'arena_05', 'arena_06', 'arena_07', 'arena_08', 'arena_09', 'arena_10', 'arena_11', 'arena_12', 'arena_13', 'arena_14', 'arena_15', 'arena_16', 'arena_17', 'arena_18', 'arena_19', 'arena_20', 'arena_21', 'arena_22', 'arena_23', 'arena_24', 'arena_25', 'arena_26', 'arena_27', 'arena_28', 'arena_29', 'arena_30', 'arena_31']
[INFO] Found game 'd31cd4b9-21fe-4dd0-8cfa-e29bf4371e31' in arena_28
[DL] arena_28/d31cd4b9-21fe-4dd0-8cfa-e29bf4371e31/frames.parquet -> ../hf_subset/arena_28/d31cd4b9-21fe-4dd0-8cfa-e29bf4371e31/frames.parquet
[DONE]
[INFO] Discovered arenas: ['arena_01', 'arena_02', 'arena_03', 'arena_04', 'arena_05', 'arena_06', 'arena_07', 'arena_08', 'arena_09', 'arena_10', 'arena_11', 'arena_12', 'arena_13', 'arena_14', 'arena_15', 'arena_16', 'arena_17', 'arena_18', 'arena_19', 'arena_20', 'arena_21', 'arena_22', 'arena_23', 'arena_24', 'arena_25', 'arena_26', 'arena_27', 'arena_28', 'arena_29', 'arena_30', 'arena_31']
[INFO] Found game 'd6dd14c0-ce72-4005-b5a4-2a6f3c7d155a' in arena_28
[DL] arena_28/d6dd14c0-ce72-4005-b5a4-2a6f3c7d155a/frames.parquet -> ../hf_subset/arena_28/d6dd14c0-ce72-4005-b5a4-2a6f3c7d155a/frames.parquet
[DONE]
[INFO] Discovered arenas: ['arena_01', 'arena_02', 'arena_03', 'arena_04', 'arena_05', 'arena_06', 'arena_07', 'arena_08', 'arena_09', 'arena_10', 'arena_11', 'arena_12', 'arena_13', 'arena_14', 'arena_15', 'arena_16', 'arena_17', 'arena_18', 'arena_19', 'arena_20', 'arena_21', 'arena_22', 'arena_23', 'arena_24', 'arena_25', 'arena_26', 'arena_27', 'arena_28', 'arena_29', 'arena_30', 'arena_31']
[INFO] Found game 'd708e62a-6292-48fb-9dba-d54f5df114a0' in arena_28
[DL] arena_28/d708e62a-6292-48fb-9dba-d54f5df114a0/frames.parquet -> ../hf_subset/arena_28/d708e62a-6292-48fb-9dba-d54f5df114a0/frames.parquet
[DONE]
[INFO] Discovered arenas: ['arena_01', 'arena_02', 'arena_03', 'arena_04', 'arena_05', 'arena_06', 'arena_07', 'arena_08', 'arena_09', 'arena_10', 'arena_11', 'arena_12', 'arena_13', 'arena_14', 'arena_15', 'arena_16', 'arena_17', 'arena_18', 'arena_19', 'arena_20', 'arena_21', 'arena_22', 'arena_23', 'arena_24', 'arena_25', 'arena_26', 'arena_27', 'arena_28', 'arena_29', 'arena_30', 'arena_31']
[INFO] Found game 'd8b8f281-72c9-4e06-86f1-07409de87650' in arena_28
[DL] arena_28/d8b8f281-72c9-4e06-86f1-07409de87650/frames.parquet -> ../hf_subset/arena_28/d8b8f281-72c9-4e06-86f1-07409de87650/frames.parquet
[DONE]
[INFO] Discovered arenas: ['arena_01', 'arena_02', 'arena_03', 'arena_04', 'arena_05', 'arena_06', 'arena_07', 'arena_08', 'arena_09', 'arena_10', 'arena_11', 'arena_12', 'arena_13', 'arena_14', 'arena_15', 'arena_16', 'arena_17', 'arena_18', 'arena_19', 'arena_20', 'arena_21', 'arena_22', 'arena_23', 'arena_24', 'arena_25', 'arena_26', 'arena_27', 'arena_28', 'arena_29', 'arena_30', 'arena_31']
[INFO] Found game 'dc9b02aa-0a83-43fa-81c8-69bd48726cb5' in arena_28
[DL] arena_28/dc9b02aa-0a83-43fa-81c8-69bd48726cb5/frames.parquet -> ../hf_subset/arena_28/dc9b02aa-0a83-43fa-81c8-69bd48726cb5/frames.parquet
[DONE]
[INFO] Discovered arenas: ['arena_01', 'arena_02', 'arena_03', 'arena_04', 'arena_05', 'arena_06', 'arena_07', 'arena_08', 'arena_09', 'arena_10', 'arena_11', 'arena_12', 'arena_13', 'arena_14', 'arena_15', 'arena_16', 'arena_17', 'arena_18', 'arena_19', 'arena_20', 'arena_21', 'arena_22', 'arena_23', 'arena_24', 'arena_25', 'arena_26', 'arena_27', 'arena_28', 'arena_29', 'arena_30', 'arena_31']
[INFO] Found game 'dfe985c6-63a2-431b-aa8f-9acefee27925' in arena_28
[DL] arena_28/dfe985c6-63a2-431b-aa8f-9acefee27925/frames.parquet -> ../hf_subset/arena_28/dfe985c6-63a2-431b-aa8f-9acefee27925/frames.parquet
[DONE]
[INFO] Discovered arenas: ['arena_01', 'arena_02', 'arena_03', 'arena_04', 'arena_05', 'arena_06', 'arena_07', 'arena_08', 'arena_09', 'arena_10', 'arena_11', 'arena_12', 'arena_13', 'arena_14', 'arena_15', 'arena_16', 'arena_17', 'arena_18', 'arena_19', 'arena_20', 'arena_21', 'arena_22', 'arena_23', 'arena_24', 'arena_25', 'arena_26', 'arena_27', 'arena_28', 'arena_29', 'arena_30', 'arena_31']
[INFO] Found game 'e63f669f-2789-42dd-84e6-1d977ce53b15' in arena_28
[DL] arena_28/e63f669f-2789-42dd-84e6-1d977ce53b15/frames.parquet -> ../hf_subset/arena_28/e63f669f-2789-42dd-84e6-1d977ce53b15/frames.parquet
[DONE]
[INFO] Discovered arenas: ['arena_01', 'arena_02', 'arena_03', 'arena_04', 'arena_05', 'arena_06', 'arena_07', 'arena_08', 'arena_09', 'arena_10', 'arena_11', 'arena_12', 'arena_13', 'arena_14', 'arena_15', 'arena_16', 'arena_17', 'arena_18', 'arena_19', 'arena_20', 'arena_21', 'arena_22', 'arena_23', 'arena_24', 'arena_25', 'arena_26', 'arena_27', 'arena_28', 'arena_29', 'arena_30', 'arena_31']
[INFO] Found game 'e775bb30-0a8e-4396-a42d-1f77ac7cc2ae' in arena_28
[DL] arena_28/e775bb30-0a8e-4396-a42d-1f77ac7cc2ae/frames.parquet -> ../hf_subset/arena_28/e775bb30-0a8e-4396-a42d-1f77ac7cc2ae/frames.parquet
[DONE]
[INFO] Discovered arenas: ['arena_01', 'arena_02', 'arena_03', 'arena_04', 'arena_05', 'arena_06', 'arena_07', 'arena_08', 'arena_09', 'arena_10', 'arena_11', 'arena_12', 'arena_13', 'arena_14', 'arena_15', 'arena_16', 'arena_17', 'arena_18', 'arena_19', 'arena_20', 'arena_21', 'arena_22', 'arena_23', 'arena_24', 'arena_25', 'arena_26', 'arena_27', 'arena_28', 'arena_29', 'arena_30', 'arena_31']
[INFO] Found game 'e90772e9-4e3b-4cda-9b8f-835248f33c48' in arena_28
[DL] arena_28/e90772e9-4e3b-4cda-9b8f-835248f33c48/frames.parquet -> ../hf_subset/arena_28/e90772e9-4e3b-4cda-9b8f-835248f33c48/frames.parquet
[DONE]
[INFO] Discovered arenas: ['arena_01', 'arena_02', 'arena_03', 'arena_04', 'arena_05', 'arena_06', 'arena_07', 'arena_08', 'arena_09', 'arena_10', 'arena_11', 'arena_12', 'arena_13', 'arena_14', 'arena_15', 'arena_16', 'arena_17', 'arena_18', 'arena_19', 'arena_20', 'arena_21', 'arena_22', 'arena_23', 'arena_24', 'arena_25', 'arena_26', 'arena_27', 'arena_28', 'arena_29', 'arena_30', 'arena_31']
[INFO] Found game 'e9799e37-7861-4e6c-9cd3-d08c728adbf6' in arena_28
[DL] arena_28/e9799e37-7861-4e6c-9cd3-d08c728adbf6/frames.parquet -> ../hf_subset/arena_28/e9799e37-7861-4e6c-9cd3-d08c728adbf6/frames.parquet
[DONE]
[INFO] Discovered arenas: ['arena_01', 'arena_02', 'arena_03', 'arena_04', 'arena_05', 'arena_06', 'arena_07', 'arena_08', 'arena_09', 'arena_10', 'arena_11', 'arena_12', 'arena_13', 'arena_14', 'arena_15', 'arena_16', 'arena_17', 'arena_18', 'arena_19', 'arena_20', 'arena_21', 'arena_22', 'arena_23', 'arena_24', 'arena_25', 'arena_26', 'arena_27', 'arena_28', 'arena_29', 'arena_30', 'arena_31']
[INFO] Found game 'f0d01ece-2752-4c1a-987e-87af7cc03eda' in arena_28
[DL] arena_28/f0d01ece-2752-4c1a-987e-87af7cc03eda/frames.parquet -> ../hf_subset/arena_28/f0d01ece-2752-4c1a-987e-87af7cc03eda/frames.parquet
[DONE]
[INFO] Discovered arenas: ['arena_01', 'arena_02', 'arena_03', 'arena_04', 'arena_05', 'arena_06', 'arena_07', 'arena_08', 'arena_09', 'arena_10', 'arena_11', 'arena_12', 'arena_13', 'arena_14', 'arena_15', 'arena_16', 'arena_17', 'arena_18', 'arena_19', 'arena_20', 'arena_21', 'arena_22', 'arena_23', 'arena_24', 'arena_25', 'arena_26', 'arena_27', 'arena_28', 'arena_29', 'arena_30', 'arena_31']
[INFO] Found game 'f38be836-44aa-41bf-98c0-993f21653870' in arena_28
[DL] arena_28/f38be836-44aa-41bf-98c0-993f21653870/frames.parquet -> ../hf_subset/arena_28/f38be836-44aa-41bf-98c0-993f21653870/frames.parquet
[DONE]
[INFO] Discovered arenas: ['arena_01', 'arena_02', 'arena_03', 'arena_04', 'arena_05', 'arena_06', 'arena_07', 'arena_08', 'arena_09', 'arena_10', 'arena_11', 'arena_12', 'arena_13', 'arena_14', 'arena_15', 'arena_16', 'arena_17', 'arena_18', 'arena_19', 'arena_20', 'arena_21', 'arena_22', 'arena_23', 'arena_24', 'arena_25', 'arena_26', 'arena_27', 'arena_28', 'arena_29', 'arena_30', 'arena_31']
[INFO] Found game 'f3d9625a-6652-419b-a55e-4180efcf0677' in arena_28
[DL] arena_28/f3d9625a-6652-419b-a55e-4180efcf0677/frames.parquet -> ../hf_subset/arena_28/f3d9625a-6652-419b-a55e-4180efcf0677/frames.parquet
[DONE]
[INFO] Discovered arenas: ['arena_01', 'arena_02', 'arena_03', 'arena_04', 'arena_05', 'arena_06', 'arena_07', 'arena_08', 'arena_09', 'arena_10', 'arena_11', 'arena_12', 'arena_13', 'arena_14', 'arena_15', 'arena_16', 'arena_17', 'arena_18', 'arena_19', 'arena_20', 'arena_21', 'arena_22', 'arena_23', 'arena_24', 'arena_25', 'arena_26', 'arena_27', 'arena_28', 'arena_29', 'arena_30', 'arena_31']
[INFO] Found game 'f4074327-4c7b-4139-ac9b-da428e8fd591' in arena_28
[DL] arena_28/f4074327-4c7b-4139-ac9b-da428e8fd591/frames.parquet -> ../hf_subset/arena_28/f4074327-4c7b-4139-ac9b-da428e8fd591/frames.parquet
[DONE]
[INFO] Discovered arenas: ['arena_01', 'arena_02', 'arena_03', 'arena_04', 'arena_05', 'arena_06', 'arena_07', 'arena_08', 'arena_09', 'arena_10', 'arena_11', 'arena_12', 'arena_13', 'arena_14', 'arena_15', 'arena_16', 'arena_17', 'arena_18', 'arena_19', 'arena_20', 'arena_21', 'arena_22', 'arena_23', 'arena_24', 'arena_25', 'arena_26', 'arena_27', 'arena_28', 'arena_29', 'arena_30', 'arena_31']
[INFO] Found game 'f4a4f92a-7a58-4be7-8517-4666daffd650' in arena_28
[DL] arena_28/f4a4f92a-7a58-4be7-8517-4666daffd650/frames.parquet -> ../hf_subset/arena_28/f4a4f92a-7a58-4be7-8517-4666daffd650/frames.parquet
[DONE]
[INFO] Discovered arenas: ['arena_01', 'arena_02', 'arena_03', 'arena_04', 'arena_05', 'arena_06', 'arena_07', 'arena_08', 'arena_09', 'arena_10', 'arena_11', 'arena_12', 'arena_13', 'arena_14', 'arena_15', 'arena_16', 'arena_17', 'arena_18', 'arena_19', 'arena_20', 'arena_21', 'arena_22', 'arena_23', 'arena_24', 'arena_25', 'arena_26', 'arena_27', 'arena_28', 'arena_29', 'arena_30', 'arena_31']
[INFO] Found game 'f58f1fb2-2b3b-4190-8258-46814384babd' in arena_28
[DL] arena_28/f58f1fb2-2b3b-4190-8258-46814384babd/frames.parquet -> ../hf_subset/arena_28/f58f1fb2-2b3b-4190-8258-46814384babd/frames.parquet
[DONE]
[INFO] Discovered arenas: ['arena_01', 'arena_02', 'arena_03', 'arena_04', 'arena_05', 'arena_06', 'arena_07', 'arena_08', 'arena_09', 'arena_10', 'arena_11', 'arena_12', 'arena_13', 'arena_14', 'arena_15', 'arena_16', 'arena_17', 'arena_18', 'arena_19', 'arena_20', 'arena_21', 'arena_22', 'arena_23', 'arena_24', 'arena_25', 'arena_26', 'arena_27', 'arena_28', 'arena_29', 'arena_30', 'arena_31']
[INFO] Found game 'f76fc843-b955-42b7-aa19-c4d6e3f3c79f' in arena_28
[DL] arena_28/f76fc843-b955-42b7-aa19-c4d6e3f3c79f/frames.parquet -> ../hf_subset/arena_28/f76fc843-b955-42b7-aa19-c4d6e3f3c79f/frames.parquet
[DONE]
[INFO] Discovered arenas: ['arena_01', 'arena_02', 'arena_03', 'arena_04', 'arena_05', 'arena_06', 'arena_07', 'arena_08', 'arena_09', 'arena_10', 'arena_11', 'arena_12', 'arena_13', 'arena_14', 'arena_15', 'arena_16', 'arena_17', 'arena_18', 'arena_19', 'arena_20', 'arena_21', 'arena_22', 'arena_23', 'arena_24', 'arena_25', 'arena_26', 'arena_27', 'arena_28', 'arena_29', 'arena_30', 'arena_31']
[INFO] Found game 'f94629d4-1730-4135-af8a-0cd07b134982' in arena_28
[DL] arena_28/f94629d4-1730-4135-af8a-0cd07b134982/frames.parquet -> ../hf_subset/arena_28/f94629d4-1730-4135-af8a-0cd07b134982/frames.parquet
[DONE]
[INFO] Discovered arenas: ['arena_01', 'arena_02', 'arena_03', 'arena_04', 'arena_05', 'arena_06', 'arena_07', 'arena_08', 'arena_09', 'arena_10', 'arena_11', 'arena_12', 'arena_13', 'arena_14', 'arena_15', 'arena_16', 'arena_17', 'arena_18', 'arena_19', 'arena_20', 'arena_21', 'arena_22', 'arena_23', 'arena_24', 'arena_25', 'arena_26', 'arena_27', 'arena_28', 'arena_29', 'arena_30', 'arena_31']
[INFO] Found game 'fa27541f-2161-4f49-b649-c8a742a12448' in arena_28
[DL] arena_28/fa27541f-2161-4f49-b649-c8a742a12448/frames.parquet -> ../hf_subset/arena_28/fa27541f-2161-4f49-b649-c8a742a12448/frames.parquet
[DONE]
[INFO] Discovered arenas: ['arena_01', 'arena_02', 'arena_03', 'arena_04', 'arena_05', 'arena_06', 'arena_07', 'arena_08', 'arena_09', 'arena_10', 'arena_11', 'arena_12', 'arena_13', 'arena_14', 'arena_15', 'arena_16', 'arena_17', 'arena_18', 'arena_19', 'arena_20', 'arena_21', 'arena_22', 'arena_23', 'arena_24', 'arena_25', 'arena_26', 'arena_27', 'arena_28', 'arena_29', 'arena_30', 'arena_31']
[INFO] Found game 'fad84e87-449d-40e1-80ac-c891aa2b1c2f' in arena_28
[DL] arena_28/fad84e87-449d-40e1-80ac-c891aa2b1c2f/frames.parquet -> ../hf_subset/arena_28/fad84e87-449d-40e1-80ac-c891aa2b1c2f/frames.parquet
[DONE]
[INFO] Discovered arenas: ['arena_01', 'arena_02', 'arena_03', 'arena_04', 'arena_05', 'arena_06', 'arena_07', 'arena_08', 'arena_09', 'arena_10', 'arena_11', 'arena_12', 'arena_13', 'arena_14', 'arena_15', 'arena_16', 'arena_17', 'arena_18', 'arena_19', 'arena_20', 'arena_21', 'arena_22', 'arena_23', 'arena_24', 'arena_25', 'arena_26', 'arena_27', 'arena_28', 'arena_29', 'arena_30', 'arena_31']
[INFO] Found game 'fc91903f-f008-4bf5-898e-c8ada1025b8d' in arena_28
[DL] arena_28/fc91903f-f008-4bf5-898e-c8ada1025b8d/frames.parquet -> ../hf_subset/arena_28/fc91903f-f008-4bf5-898e-c8ada1025b8d/frames.parquet
[DONE]
[INFO] Discovered arenas: ['arena_01', 'arena_02', 'arena_03', 'arena_04', 'arena_05', 'arena_06', 'arena_07', 'arena_08', 'arena_09', 'arena_10', 'arena_11', 'arena_12', 'arena_13', 'arena_14', 'arena_15', 'arena_16', 'arena_17', 'arena_18', 'arena_19', 'arena_20', 'arena_21', 'arena_22', 'arena_23', 'arena_24', 'arena_25', 'arena_26', 'arena_27', 'arena_28', 'arena_29', 'arena_30', 'arena_31']
[INFO] Found game 'fd512885-d940-442d-8471-3177fb81fc5b' in arena_28
[DL] arena_28/fd512885-d940-442d-8471-3177fb81fc5b/frames.parquet -> ../hf_subset/arena_28/fd512885-d940-442d-8471-3177fb81fc5b/frames.parquet
[DONE]
[INFO] Discovered arenas: ['arena_01', 'arena_02', 'arena_03', 'arena_04', 'arena_05', 'arena_06', 'arena_07', 'arena_08', 'arena_09', 'arena_10', 'arena_11', 'arena_12', 'arena_13', 'arena_14', 'arena_15', 'arena_16', 'arena_17', 'arena_18', 'arena_19', 'arena_20', 'arena_21', 'arena_22', 'arena_23', 'arena_24', 'arena_25', 'arena_26', 'arena_27', 'arena_28', 'arena_29', 'arena_30', 'arena_31']
[INFO] Found game 'fef38c68-5434-4c32-a69a-10c78911be96' in arena_28
[DL] arena_28/fef38c68-5434-4c32-a69a-10c78911be96/frames.parquet -> ../hf_subset/arena_28/fef38c68-5434-4c32-a69a-10c78911be96/frames.parquet
[DONE]
[INFO] Discovered arenas: ['arena_01', 'arena_02', 'arena_03', 'arena_04', 'arena_05', 'arena_06', 'arena_07', 'arena_08', 'arena_09', 'arena_10', 'arena_11', 'arena_12', 'arena_13', 'arena_14', 'arena_15', 'arena_16', 'arena_17', 'arena_18', 'arena_19', 'arena_20', 'arena_21', 'arena_22', 'arena_23', 'arena_24', 'arena_25', 'arena_26', 'arena_27', 'arena_28', 'arena_29', 'arena_30', 'arena_31']
[INFO] Found game '0156e81a-6cc7-4634-a767-c6f18843517d' in arena_29
[DL] arena_29/0156e81a-6cc7-4634-a767-c6f18843517d/frames.parquet -> ../hf_subset/arena_29/0156e81a-6cc7-4634-a767-c6f18843517d/frames.parquet
[DONE]
[INFO] Discovered arenas: ['arena_01', 'arena_02', 'arena_03', 'arena_04', 'arena_05', 'arena_06', 'arena_07', 'arena_08', 'arena_09', 'arena_10', 'arena_11', 'arena_12', 'arena_13', 'arena_14', 'arena_15', 'arena_16', 'arena_17', 'arena_18', 'arena_19', 'arena_20', 'arena_21', 'arena_22', 'arena_23', 'arena_24', 'arena_25', 'arena_26', 'arena_27', 'arena_28', 'arena_29', 'arena_30', 'arena_31']
[INFO] Found game '0251f736-9efe-4b5b-a4cd-58596a56ccd9' in arena_29
[DL] arena_29/0251f736-9efe-4b5b-a4cd-58596a56ccd9/frames.parquet -> ../hf_subset/arena_29/0251f736-9efe-4b5b-a4cd-58596a56ccd9/frames.parquet
[DONE]
[INFO] Discovered arenas: ['arena_01', 'arena_02', 'arena_03', 'arena_04', 'arena_05', 'arena_06', 'arena_07', 'arena_08', 'arena_09', 'arena_10', 'arena_11', 'arena_12', 'arena_13', 'arena_14', 'arena_15', 'arena_16', 'arena_17', 'arena_18', 'arena_19', 'arena_20', 'arena_21', 'arena_22', 'arena_23', 'arena_24', 'arena_25', 'arena_26', 'arena_27', 'arena_28', 'arena_29', 'arena_30', 'arena_31']
[INFO] Found game '03826d96-e535-41ab-8b03-c9c02e682dd7' in arena_29
[DL] arena_29/03826d96-e535-41ab-8b03-c9c02e682dd7/frames.parquet -> ../hf_subset/arena_29/03826d96-e535-41ab-8b03-c9c02e682dd7/frames.parquet
[DONE]
[INFO] Discovered arenas: ['arena_01', 'arena_02', 'arena_03', 'arena_04', 'arena_05', 'arena_06', 'arena_07', 'arena_08', 'arena_09', 'arena_10', 'arena_11', 'arena_12', 'arena_13', 'arena_14', 'arena_15', 'arena_16', 'arena_17', 'arena_18', 'arena_19', 'arena_20', 'arena_21', 'arena_22', 'arena_23', 'arena_24', 'arena_25', 'arena_26', 'arena_27', 'arena_28', 'arena_29', 'arena_30', 'arena_31']
[INFO] Found game '0414ecb7-6d68-4768-aa9c-62e8de0e5104' in arena_29
[DL] arena_29/0414ecb7-6d68-4768-aa9c-62e8de0e5104/frames.parquet -> ../hf_subset/arena_29/0414ecb7-6d68-4768-aa9c-62e8de0e5104/frames.parquet
[DONE]
[INFO] Discovered arenas: ['arena_01', 'arena_02', 'arena_03', 'arena_04', 'arena_05', 'arena_06', 'arena_07', 'arena_08', 'arena_09', 'arena_10', 'arena_11', 'arena_12', 'arena_13', 'arena_14', 'arena_15', 'arena_16', 'arena_17', 'arena_18', 'arena_19', 'arena_20', 'arena_21', 'arena_22', 'arena_23', 'arena_24', 'arena_25', 'arena_26', 'arena_27', 'arena_28', 'arena_29', 'arena_30', 'arena_31']
[INFO] Found game '04bc9ed9-6684-4862-b5f6-b08d7479fc08' in arena_29
[DL] arena_29/04bc9ed9-6684-4862-b5f6-b08d7479fc08/frames.parquet -> ../hf_subset/arena_29/04bc9ed9-6684-4862-b5f6-b08d7479fc08/frames.parquet
[DONE]
[INFO] Discovered arenas: ['arena_01', 'arena_02', 'arena_03', 'arena_04', 'arena_05', 'arena_06', 'arena_07', 'arena_08', 'arena_09', 'arena_10', 'arena_11', 'arena_12', 'arena_13', 'arena_14', 'arena_15', 'arena_16', 'arena_17', 'arena_18', 'arena_19', 'arena_20', 'arena_21', 'arena_22', 'arena_23', 'arena_24', 'arena_25', 'arena_26', 'arena_27', 'arena_28', 'arena_29', 'arena_30', 'arena_31']
[INFO] Found game '0540d483-b0ce-402d-b564-7559f04a4278' in arena_29
[DL] arena_29/0540d483-b0ce-402d-b564-7559f04a4278/frames.parquet -> ../hf_subset/arena_29/0540d483-b0ce-402d-b564-7559f04a4278/frames.parquet
[DONE]
[INFO] Discovered arenas: ['arena_01', 'arena_02', 'arena_03', 'arena_04', 'arena_05', 'arena_06', 'arena_07', 'arena_08', 'arena_09', 'arena_10', 'arena_11', 'arena_12', 'arena_13', 'arena_14', 'arena_15', 'arena_16', 'arena_17', 'arena_18', 'arena_19', 'arena_20', 'arena_21', 'arena_22', 'arena_23', 'arena_24', 'arena_25', 'arena_26', 'arena_27', 'arena_28', 'arena_29', 'arena_30', 'arena_31']
[INFO] Found game '0543f1a3-25a9-4015-99f3-cba9b3b5ffed' in arena_29
[DL] arena_29/0543f1a3-25a9-4015-99f3-cba9b3b5ffed/frames.parquet -> ../hf_subset/arena_29/0543f1a3-25a9-4015-99f3-cba9b3b5ffed/frames.parquet
[DONE]
[INFO] Discovered arenas: ['arena_01', 'arena_02', 'arena_03', 'arena_04', 'arena_05', 'arena_06', 'arena_07', 'arena_08', 'arena_09', 'arena_10', 'arena_11', 'arena_12', 'arena_13', 'arena_14', 'arena_15', 'arena_16', 'arena_17', 'arena_18', 'arena_19', 'arena_20', 'arena_21', 'arena_22', 'arena_23', 'arena_24', 'arena_25', 'arena_26', 'arena_27', 'arena_28', 'arena_29', 'arena_30', 'arena_31']
[INFO] Found game '05c05118-b55d-4983-a4d2-720b30fdfa3c' in arena_29
[DL] arena_29/05c05118-b55d-4983-a4d2-720b30fdfa3c/frames.parquet -> ../hf_subset/arena_29/05c05118-b55d-4983-a4d2-720b30fdfa3c/frames.parquet
[DONE]
[INFO] Discovered arenas: ['arena_01', 'arena_02', 'arena_03', 'arena_04', 'arena_05', 'arena_06', 'arena_07', 'arena_08', 'arena_09', 'arena_10', 'arena_11', 'arena_12', 'arena_13', 'arena_14', 'arena_15', 'arena_16', 'arena_17', 'arena_18', 'arena_19', 'arena_20', 'arena_21', 'arena_22', 'arena_23', 'arena_24', 'arena_25', 'arena_26', 'arena_27', 'arena_28', 'arena_29', 'arena_30', 'arena_31']
[INFO] Found game '063aefcf-8584-49a1-a98f-ee636a3bbc90' in arena_29
[DL] arena_29/063aefcf-8584-49a1-a98f-ee636a3bbc90/frames.parquet -> ../hf_subset/arena_29/063aefcf-8584-49a1-a98f-ee636a3bbc90/frames.parquet
[DONE]
[INFO] Discovered arenas: ['arena_01', 'arena_02', 'arena_03', 'arena_04', 'arena_05', 'arena_06', 'arena_07', 'arena_08', 'arena_09', 'arena_10', 'arena_11', 'arena_12', 'arena_13', 'arena_14', 'arena_15', 'arena_16', 'arena_17', 'arena_18', 'arena_19', 'arena_20', 'arena_21', 'arena_22', 'arena_23', 'arena_24', 'arena_25', 'arena_26', 'arena_27', 'arena_28', 'arena_29', 'arena_30', 'arena_31']
[INFO] Found game '0731f628-7df9-4ce4-a723-382c156e478b' in arena_29
[DL] arena_29/0731f628-7df9-4ce4-a723-382c156e478b/frames.parquet -> ../hf_subset/arena_29/0731f628-7df9-4ce4-a723-382c156e478b/frames.parquet
[DONE]
[INFO] Discovered arenas: ['arena_01', 'arena_02', 'arena_03', 'arena_04', 'arena_05', 'arena_06', 'arena_07', 'arena_08', 'arena_09', 'arena_10', 'arena_11', 'arena_12', 'arena_13', 'arena_14', 'arena_15', 'arena_16', 'arena_17', 'arena_18', 'arena_19', 'arena_20', 'arena_21', 'arena_22', 'arena_23', 'arena_24', 'arena_25', 'arena_26', 'arena_27', 'arena_28', 'arena_29', 'arena_30', 'arena_31']
[INFO] Found game '098620a7-63c3-4498-b5ab-05310b922f60' in arena_29
[DL] arena_29/098620a7-63c3-4498-b5ab-05310b922f60/frames.parquet -> ../hf_subset/arena_29/098620a7-63c3-4498-b5ab-05310b922f60/frames.parquet
[DONE]
[INFO] Discovered arenas: ['arena_01', 'arena_02', 'arena_03', 'arena_04', 'arena_05', 'arena_06', 'arena_07', 'arena_08', 'arena_09', 'arena_10', 'arena_11', 'arena_12', 'arena_13', 'arena_14', 'arena_15', 'arena_16', 'arena_17', 'arena_18', 'arena_19', 'arena_20', 'arena_21', 'arena_22', 'arena_23', 'arena_24', 'arena_25', 'arena_26', 'arena_27', 'arena_28', 'arena_29', 'arena_30', 'arena_31']
[INFO] Found game '0c2fcb37-c7af-4147-a9be-0986b79f79d0' in arena_29
[DL] arena_29/0c2fcb37-c7af-4147-a9be-0986b79f79d0/frames.parquet -> ../hf_subset/arena_29/0c2fcb37-c7af-4147-a9be-0986b79f79d0/frames.parquet
[DONE]
[INFO] Discovered arenas: ['arena_01', 'arena_02', 'arena_03', 'arena_04', 'arena_05', 'arena_06', 'arena_07', 'arena_08', 'arena_09', 'arena_10', 'arena_11', 'arena_12', 'arena_13', 'arena_14', 'arena_15', 'arena_16', 'arena_17', 'arena_18', 'arena_19', 'arena_20', 'arena_21', 'arena_22', 'arena_23', 'arena_24', 'arena_25', 'arena_26', 'arena_27', 'arena_28', 'arena_29', 'arena_30', 'arena_31']
[INFO] Found game '0de593cd-e8c8-4d0b-b6bd-4019f46e23c1' in arena_29
[DL] arena_29/0de593cd-e8c8-4d0b-b6bd-4019f46e23c1/frames.parquet -> ../hf_subset/arena_29/0de593cd-e8c8-4d0b-b6bd-4019f46e23c1/frames.parquet
[DONE]
[INFO] Discovered arenas: ['arena_01', 'arena_02', 'arena_03', 'arena_04', 'arena_05', 'arena_06', 'arena_07', 'arena_08', 'arena_09', 'arena_10', 'arena_11', 'arena_12', 'arena_13', 'arena_14', 'arena_15', 'arena_16', 'arena_17', 'arena_18', 'arena_19', 'arena_20', 'arena_21', 'arena_22', 'arena_23', 'arena_24', 'arena_25', 'arena_26', 'arena_27', 'arena_28', 'arena_29', 'arena_30', 'arena_31']
[INFO] Found game '0e4dced3-72e4-4bd2-b7b3-05a364446d5d' in arena_29
[DL] arena_29/0e4dced3-72e4-4bd2-b7b3-05a364446d5d/frames.parquet -> ../hf_subset/arena_29/0e4dced3-72e4-4bd2-b7b3-05a364446d5d/frames.parquet
[DONE]
[INFO] Discovered arenas: ['arena_01', 'arena_02', 'arena_03', 'arena_04', 'arena_05', 'arena_06', 'arena_07', 'arena_08', 'arena_09', 'arena_10', 'arena_11', 'arena_12', 'arena_13', 'arena_14', 'arena_15', 'arena_16', 'arena_17', 'arena_18', 'arena_19', 'arena_20', 'arena_21', 'arena_22', 'arena_23', 'arena_24', 'arena_25', 'arena_26', 'arena_27', 'arena_28', 'arena_29', 'arena_30', 'arena_31']
[INFO] Found game '13e60e2c-d9c9-4fd2-b901-d53149642a2e' in arena_29
[DL] arena_29/13e60e2c-d9c9-4fd2-b901-d53149642a2e/frames.parquet -> ../hf_subset/arena_29/13e60e2c-d9c9-4fd2-b901-d53149642a2e/frames.parquet
[DONE]
[INFO] Discovered arenas: ['arena_01', 'arena_02', 'arena_03', 'arena_04', 'arena_05', 'arena_06', 'arena_07', 'arena_08', 'arena_09', 'arena_10', 'arena_11', 'arena_12', 'arena_13', 'arena_14', 'arena_15', 'arena_16', 'arena_17', 'arena_18', 'arena_19', 'arena_20', 'arena_21', 'arena_22', 'arena_23', 'arena_24', 'arena_25', 'arena_26', 'arena_27', 'arena_28', 'arena_29', 'arena_30', 'arena_31']
[INFO] Found game '162ac200-eaa5-454b-8046-66fa488ac44a' in arena_29
[DL] arena_29/162ac200-eaa5-454b-8046-66fa488ac44a/frames.parquet -> ../hf_subset/arena_29/162ac200-eaa5-454b-8046-66fa488ac44a/frames.parquet
[DONE]
[INFO] Discovered arenas: ['arena_01', 'arena_02', 'arena_03', 'arena_04', 'arena_05', 'arena_06', 'arena_07', 'arena_08', 'arena_09', 'arena_10', 'arena_11', 'arena_12', 'arena_13', 'arena_14', 'arena_15', 'arena_16', 'arena_17', 'arena_18', 'arena_19', 'arena_20', 'arena_21', 'arena_22', 'arena_23', 'arena_24', 'arena_25', 'arena_26', 'arena_27', 'arena_28', 'arena_29', 'arena_30', 'arena_31']
[INFO] Found game '1bfb4d99-b602-41b0-87bb-39a49045a583' in arena_29
[DL] arena_29/1bfb4d99-b602-41b0-87bb-39a49045a583/frames.parquet -> ../hf_subset/arena_29/1bfb4d99-b602-41b0-87bb-39a49045a583/frames.parquet
[DONE]
[INFO] Discovered arenas: ['arena_01', 'arena_02', 'arena_03', 'arena_04', 'arena_05', 'arena_06', 'arena_07', 'arena_08', 'arena_09', 'arena_10', 'arena_11', 'arena_12', 'arena_13', 'arena_14', 'arena_15', 'arena_16', 'arena_17', 'arena_18', 'arena_19', 'arena_20', 'arena_21', 'arena_22', 'arena_23', 'arena_24', 'arena_25', 'arena_26', 'arena_27', 'arena_28', 'arena_29', 'arena_30', 'arena_31']
[INFO] Found game '1d2cc629-e897-4f8f-a275-030232dbeb4a' in arena_29
[DL] arena_29/1d2cc629-e897-4f8f-a275-030232dbeb4a/frames.parquet -> ../hf_subset/arena_29/1d2cc629-e897-4f8f-a275-030232dbeb4a/frames.parquet
[DONE]
[INFO] Discovered arenas: ['arena_01', 'arena_02', 'arena_03', 'arena_04', 'arena_05', 'arena_06', 'arena_07', 'arena_08', 'arena_09', 'arena_10', 'arena_11', 'arena_12', 'arena_13', 'arena_14', 'arena_15', 'arena_16', 'arena_17', 'arena_18', 'arena_19', 'arena_20', 'arena_21', 'arena_22', 'arena_23', 'arena_24', 'arena_25', 'arena_26', 'arena_27', 'arena_28', 'arena_29', 'arena_30', 'arena_31']
[INFO] Found game '25b4217b-9530-415c-b04b-80709e8df1c4' in arena_29
[DL] arena_29/25b4217b-9530-415c-b04b-80709e8df1c4/frames.parquet -> ../hf_subset/arena_29/25b4217b-9530-415c-b04b-80709e8df1c4/frames.parquet
[DONE]
[INFO] Discovered arenas: ['arena_01', 'arena_02', 'arena_03', 'arena_04', 'arena_05', 'arena_06', 'arena_07', 'arena_08', 'arena_09', 'arena_10', 'arena_11', 'arena_12', 'arena_13', 'arena_14', 'arena_15', 'arena_16', 'arena_17', 'arena_18', 'arena_19', 'arena_20', 'arena_21', 'arena_22', 'arena_23', 'arena_24', 'arena_25', 'arena_26', 'arena_27', 'arena_28', 'arena_29', 'arena_30', 'arena_31']
[INFO] Found game '26af45ea-e796-4686-b010-f2eb2552a9de' in arena_29
[DL] arena_29/26af45ea-e796-4686-b010-f2eb2552a9de/frames.parquet -> ../hf_subset/arena_29/26af45ea-e796-4686-b010-f2eb2552a9de/frames.parquet
[DONE]
[INFO] Discovered arenas: ['arena_01', 'arena_02', 'arena_03', 'arena_04', 'arena_05', 'arena_06', 'arena_07', 'arena_08', 'arena_09', 'arena_10', 'arena_11', 'arena_12', 'arena_13', 'arena_14', 'arena_15', 'arena_16', 'arena_17', 'arena_18', 'arena_19', 'arena_20', 'arena_21', 'arena_22', 'arena_23', 'arena_24', 'arena_25', 'arena_26', 'arena_27', 'arena_28', 'arena_29', 'arena_30', 'arena_31']
[INFO] Found game '29096b55-e201-4459-b910-8556ad1d71cd' in arena_29
[DL] arena_29/29096b55-e201-4459-b910-8556ad1d71cd/frames.parquet -> ../hf_subset/arena_29/29096b55-e201-4459-b910-8556ad1d71cd/frames.parquet
[DONE]
[INFO] Discovered arenas: ['arena_01', 'arena_02', 'arena_03', 'arena_04', 'arena_05', 'arena_06', 'arena_07', 'arena_08', 'arena_09', 'arena_10', 'arena_11', 'arena_12', 'arena_13', 'arena_14', 'arena_15', 'arena_16', 'arena_17', 'arena_18', 'arena_19', 'arena_20', 'arena_21', 'arena_22', 'arena_23', 'arena_24', 'arena_25', 'arena_26', 'arena_27', 'arena_28', 'arena_29', 'arena_30', 'arena_31']
[INFO] Found game '298ed8e5-0bbb-4d1b-811d-a1f8c8f58414' in arena_29
[DL] arena_29/298ed8e5-0bbb-4d1b-811d-a1f8c8f58414/frames.parquet -> ../hf_subset/arena_29/298ed8e5-0bbb-4d1b-811d-a1f8c8f58414/frames.parquet
[DONE]
[INFO] Discovered arenas: ['arena_01', 'arena_02', 'arena_03', 'arena_04', 'arena_05', 'arena_06', 'arena_07', 'arena_08', 'arena_09', 'arena_10', 'arena_11', 'arena_12', 'arena_13', 'arena_14', 'arena_15', 'arena_16', 'arena_17', 'arena_18', 'arena_19', 'arena_20', 'arena_21', 'arena_22', 'arena_23', 'arena_24', 'arena_25', 'arena_26', 'arena_27', 'arena_28', 'arena_29', 'arena_30', 'arena_31']
[INFO] Found game '29fc94e4-3b3b-4111-81c1-99364fa9a859' in arena_29
[DL] arena_29/29fc94e4-3b3b-4111-81c1-99364fa9a859/frames.parquet -> ../hf_subset/arena_29/29fc94e4-3b3b-4111-81c1-99364fa9a859/frames.parquet
[DONE]
[INFO] Discovered arenas: ['arena_01', 'arena_02', 'arena_03', 'arena_04', 'arena_05', 'arena_06', 'arena_07', 'arena_08', 'arena_09', 'arena_10', 'arena_11', 'arena_12', 'arena_13', 'arena_14', 'arena_15', 'arena_16', 'arena_17', 'arena_18', 'arena_19', 'arena_20', 'arena_21', 'arena_22', 'arena_23', 'arena_24', 'arena_25', 'arena_26', 'arena_27', 'arena_28', 'arena_29', 'arena_30', 'arena_31']
[INFO] Found game '2d19bc90-c700-457b-8ebf-6f5a4bac140d' in arena_29
[DL] arena_29/2d19bc90-c700-457b-8ebf-6f5a4bac140d/frames.parquet -> ../hf_subset/arena_29/2d19bc90-c700-457b-8ebf-6f5a4bac140d/frames.parquet
[DONE]
[INFO] Discovered arenas: ['arena_01', 'arena_02', 'arena_03', 'arena_04', 'arena_05', 'arena_06', 'arena_07', 'arena_08', 'arena_09', 'arena_10', 'arena_11', 'arena_12', 'arena_13', 'arena_14', 'arena_15', 'arena_16', 'arena_17', 'arena_18', 'arena_19', 'arena_20', 'arena_21', 'arena_22', 'arena_23', 'arena_24', 'arena_25', 'arena_26', 'arena_27', 'arena_28', 'arena_29', 'arena_30', 'arena_31']
[INFO] Found game '2f71d96a-d768-4004-9bf9-a9a03649eb45' in arena_29
[DL] arena_29/2f71d96a-d768-4004-9bf9-a9a03649eb45/frames.parquet -> ../hf_subset/arena_29/2f71d96a-d768-4004-9bf9-a9a03649eb45/frames.parquet
[DONE]
[INFO] Discovered arenas: ['arena_01', 'arena_02', 'arena_03', 'arena_04', 'arena_05', 'arena_06', 'arena_07', 'arena_08', 'arena_09', 'arena_10', 'arena_11', 'arena_12', 'arena_13', 'arena_14', 'arena_15', 'arena_16', 'arena_17', 'arena_18', 'arena_19', 'arena_20', 'arena_21', 'arena_22', 'arena_23', 'arena_24', 'arena_25', 'arena_26', 'arena_27', 'arena_28', 'arena_29', 'arena_30', 'arena_31']
[INFO] Found game '33919536-4083-4051-9539-5bdb0552b38d' in arena_29
[DL] arena_29/33919536-4083-4051-9539-5bdb0552b38d/frames.parquet -> ../hf_subset/arena_29/33919536-4083-4051-9539-5bdb0552b38d/frames.parquet
[DONE]
[INFO] Discovered arenas: ['arena_01', 'arena_02', 'arena_03', 'arena_04', 'arena_05', 'arena_06', 'arena_07', 'arena_08', 'arena_09', 'arena_10', 'arena_11', 'arena_12', 'arena_13', 'arena_14', 'arena_15', 'arena_16', 'arena_17', 'arena_18', 'arena_19', 'arena_20', 'arena_21', 'arena_22', 'arena_23', 'arena_24', 'arena_25', 'arena_26', 'arena_27', 'arena_28', 'arena_29', 'arena_30', 'arena_31']
[INFO] Found game '351f293c-dc1e-4e70-94e3-4c2416c74907' in arena_29
[DL] arena_29/351f293c-dc1e-4e70-94e3-4c2416c74907/frames.parquet -> ../hf_subset/arena_29/351f293c-dc1e-4e70-94e3-4c2416c74907/frames.parquet
[DONE]
[INFO] Discovered arenas: ['arena_01', 'arena_02', 'arena_03', 'arena_04', 'arena_05', 'arena_06', 'arena_07', 'arena_08', 'arena_09', 'arena_10', 'arena_11', 'arena_12', 'arena_13', 'arena_14', 'arena_15', 'arena_16', 'arena_17', 'arena_18', 'arena_19', 'arena_20', 'arena_21', 'arena_22', 'arena_23', 'arena_24', 'arena_25', 'arena_26', 'arena_27', 'arena_28', 'arena_29', 'arena_30', 'arena_31']
[INFO] Found game '37ba5e02-a78c-4482-9d56-100a3ecb8dd7' in arena_29
[DL] arena_29/37ba5e02-a78c-4482-9d56-100a3ecb8dd7/frames.parquet -> ../hf_subset/arena_29/37ba5e02-a78c-4482-9d56-100a3ecb8dd7/frames.parquet
[DONE]
[INFO] Discovered arenas: ['arena_01', 'arena_02', 'arena_03', 'arena_04', 'arena_05', 'arena_06', 'arena_07', 'arena_08', 'arena_09', 'arena_10', 'arena_11', 'arena_12', 'arena_13', 'arena_14', 'arena_15', 'arena_16', 'arena_17', 'arena_18', 'arena_19', 'arena_20', 'arena_21', 'arena_22', 'arena_23', 'arena_24', 'arena_25', 'arena_26', 'arena_27', 'arena_28', 'arena_29', 'arena_30', 'arena_31']
[INFO] Found game '39f7d3a7-ea1c-4b18-8a61-036cd06840fa' in arena_29
[DL] arena_29/39f7d3a7-ea1c-4b18-8a61-036cd06840fa/frames.parquet -> ../hf_subset/arena_29/39f7d3a7-ea1c-4b18-8a61-036cd06840fa/frames.parquet
[DONE]
[INFO] Discovered arenas: ['arena_01', 'arena_02', 'arena_03', 'arena_04', 'arena_05', 'arena_06', 'arena_07', 'arena_08', 'arena_09', 'arena_10', 'arena_11', 'arena_12', 'arena_13', 'arena_14', 'arena_15', 'arena_16', 'arena_17', 'arena_18', 'arena_19', 'arena_20', 'arena_21', 'arena_22', 'arena_23', 'arena_24', 'arena_25', 'arena_26', 'arena_27', 'arena_28', 'arena_29', 'arena_30', 'arena_31']
[INFO] Found game '3ceee384-12e5-471b-ab2c-eb706053226b' in arena_29
[DL] arena_29/3ceee384-12e5-471b-ab2c-eb706053226b/frames.parquet -> ../hf_subset/arena_29/3ceee384-12e5-471b-ab2c-eb706053226b/frames.parquet
[DONE]
[INFO] Discovered arenas: ['arena_01', 'arena_02', 'arena_03', 'arena_04', 'arena_05', 'arena_06', 'arena_07', 'arena_08', 'arena_09', 'arena_10', 'arena_11', 'arena_12', 'arena_13', 'arena_14', 'arena_15', 'arena_16', 'arena_17', 'arena_18', 'arena_19', 'arena_20', 'arena_21', 'arena_22', 'arena_23', 'arena_24', 'arena_25', 'arena_26', 'arena_27', 'arena_28', 'arena_29', 'arena_30', 'arena_31']
[INFO] Found game '3d22a008-12d1-42b1-a805-4bf9d918bec7' in arena_29
[DL] arena_29/3d22a008-12d1-42b1-a805-4bf9d918bec7/frames.parquet -> ../hf_subset/arena_29/3d22a008-12d1-42b1-a805-4bf9d918bec7/frames.parquet
[DONE]
[INFO] Discovered arenas: ['arena_01', 'arena_02', 'arena_03', 'arena_04', 'arena_05', 'arena_06', 'arena_07', 'arena_08', 'arena_09', 'arena_10', 'arena_11', 'arena_12', 'arena_13', 'arena_14', 'arena_15', 'arena_16', 'arena_17', 'arena_18', 'arena_19', 'arena_20', 'arena_21', 'arena_22', 'arena_23', 'arena_24', 'arena_25', 'arena_26', 'arena_27', 'arena_28', 'arena_29', 'arena_30', 'arena_31']
[INFO] Found game '41866826-b02d-49b6-a001-bd190491073b' in arena_29
[DL] arena_29/41866826-b02d-49b6-a001-bd190491073b/frames.parquet -> ../hf_subset/arena_29/41866826-b02d-49b6-a001-bd190491073b/frames.parquet
[DONE]
[INFO] Discovered arenas: ['arena_01', 'arena_02', 'arena_03', 'arena_04', 'arena_05', 'arena_06', 'arena_07', 'arena_08', 'arena_09', 'arena_10', 'arena_11', 'arena_12', 'arena_13', 'arena_14', 'arena_15', 'arena_16', 'arena_17', 'arena_18', 'arena_19', 'arena_20', 'arena_21', 'arena_22', 'arena_23', 'arena_24', 'arena_25', 'arena_26', 'arena_27', 'arena_28', 'arena_29', 'arena_30', 'arena_31']
[INFO] Found game '41a60d8f-2ce6-4d0e-9d94-d804d55fc8ff' in arena_29
[DL] arena_29/41a60d8f-2ce6-4d0e-9d94-d804d55fc8ff/frames.parquet -> ../hf_subset/arena_29/41a60d8f-2ce6-4d0e-9d94-d804d55fc8ff/frames.parquet
[DONE]
[INFO] Discovered arenas: ['arena_01', 'arena_02', 'arena_03', 'arena_04', 'arena_05', 'arena_06', 'arena_07', 'arena_08', 'arena_09', 'arena_10', 'arena_11', 'arena_12', 'arena_13', 'arena_14', 'arena_15', 'arena_16', 'arena_17', 'arena_18', 'arena_19', 'arena_20', 'arena_21', 'arena_22', 'arena_23', 'arena_24', 'arena_25', 'arena_26', 'arena_27', 'arena_28', 'arena_29', 'arena_30', 'arena_31']
[INFO] Found game '46638451-5177-451a-b315-2930c9cc0f9d' in arena_29
[DL] arena_29/46638451-5177-451a-b315-2930c9cc0f9d/frames.parquet -> ../hf_subset/arena_29/46638451-5177-451a-b315-2930c9cc0f9d/frames.parquet
[DONE]
[INFO] Discovered arenas: ['arena_01', 'arena_02', 'arena_03', 'arena_04', 'arena_05', 'arena_06', 'arena_07', 'arena_08', 'arena_09', 'arena_10', 'arena_11', 'arena_12', 'arena_13', 'arena_14', 'arena_15', 'arena_16', 'arena_17', 'arena_18', 'arena_19', 'arena_20', 'arena_21', 'arena_22', 'arena_23', 'arena_24', 'arena_25', 'arena_26', 'arena_27', 'arena_28', 'arena_29', 'arena_30', 'arena_31']
[INFO] Found game '494ac9cd-b726-4bcb-9aed-7bc1ff0b7b48' in arena_29
[DL] arena_29/494ac9cd-b726-4bcb-9aed-7bc1ff0b7b48/frames.parquet -> ../hf_subset/arena_29/494ac9cd-b726-4bcb-9aed-7bc1ff0b7b48/frames.parquet
[DONE]
[INFO] Discovered arenas: ['arena_01', 'arena_02', 'arena_03', 'arena_04', 'arena_05', 'arena_06', 'arena_07', 'arena_08', 'arena_09', 'arena_10', 'arena_11', 'arena_12', 'arena_13', 'arena_14', 'arena_15', 'arena_16', 'arena_17', 'arena_18', 'arena_19', 'arena_20', 'arena_21', 'arena_22', 'arena_23', 'arena_24', 'arena_25', 'arena_26', 'arena_27', 'arena_28', 'arena_29', 'arena_30', 'arena_31']
[INFO] Found game '4a5175b0-0ad3-4178-95f2-945d41ea006e' in arena_29
[DL] arena_29/4a5175b0-0ad3-4178-95f2-945d41ea006e/frames.parquet -> ../hf_subset/arena_29/4a5175b0-0ad3-4178-95f2-945d41ea006e/frames.parquet
[DONE]
[INFO] Discovered arenas: ['arena_01', 'arena_02', 'arena_03', 'arena_04', 'arena_05', 'arena_06', 'arena_07', 'arena_08', 'arena_09', 'arena_10', 'arena_11', 'arena_12', 'arena_13', 'arena_14', 'arena_15', 'arena_16', 'arena_17', 'arena_18', 'arena_19', 'arena_20', 'arena_21', 'arena_22', 'arena_23', 'arena_24', 'arena_25', 'arena_26', 'arena_27', 'arena_28', 'arena_29', 'arena_30', 'arena_31']
[INFO] Found game '4b5a267c-7500-4fc5-84b5-585421ba3202' in arena_29
[DL] arena_29/4b5a267c-7500-4fc5-84b5-585421ba3202/frames.parquet -> ../hf_subset/arena_29/4b5a267c-7500-4fc5-84b5-585421ba3202/frames.parquet
[DONE]
[INFO] Discovered arenas: ['arena_01', 'arena_02', 'arena_03', 'arena_04', 'arena_05', 'arena_06', 'arena_07', 'arena_08', 'arena_09', 'arena_10', 'arena_11', 'arena_12', 'arena_13', 'arena_14', 'arena_15', 'arena_16', 'arena_17', 'arena_18', 'arena_19', 'arena_20', 'arena_21', 'arena_22', 'arena_23', 'arena_24', 'arena_25', 'arena_26', 'arena_27', 'arena_28', 'arena_29', 'arena_30', 'arena_31']
[INFO] Found game '4b82186a-a755-4803-9c68-53397d39193a' in arena_29
[DL] arena_29/4b82186a-a755-4803-9c68-53397d39193a/frames.parquet -> ../hf_subset/arena_29/4b82186a-a755-4803-9c68-53397d39193a/frames.parquet
[DONE]
[INFO] Discovered arenas: ['arena_01', 'arena_02', 'arena_03', 'arena_04', 'arena_05', 'arena_06', 'arena_07', 'arena_08', 'arena_09', 'arena_10', 'arena_11', 'arena_12', 'arena_13', 'arena_14', 'arena_15', 'arena_16', 'arena_17', 'arena_18', 'arena_19', 'arena_20', 'arena_21', 'arena_22', 'arena_23', 'arena_24', 'arena_25', 'arena_26', 'arena_27', 'arena_28', 'arena_29', 'arena_30', 'arena_31']
[INFO] Found game '5097d4f8-b8bc-44ba-9c92-4a1d170ee93a' in arena_29
[DL] arena_29/5097d4f8-b8bc-44ba-9c92-4a1d170ee93a/frames.parquet -> ../hf_subset/arena_29/5097d4f8-b8bc-44ba-9c92-4a1d170ee93a/frames.parquet
[DONE]
[INFO] Discovered arenas: ['arena_01', 'arena_02', 'arena_03', 'arena_04', 'arena_05', 'arena_06', 'arena_07', 'arena_08', 'arena_09', 'arena_10', 'arena_11', 'arena_12', 'arena_13', 'arena_14', 'arena_15', 'arena_16', 'arena_17', 'arena_18', 'arena_19', 'arena_20', 'arena_21', 'arena_22', 'arena_23', 'arena_24', 'arena_25', 'arena_26', 'arena_27', 'arena_28', 'arena_29', 'arena_30', 'arena_31']
[INFO] Found game '521a3a85-3e29-4487-b368-829eb56317a8' in arena_29
[DL] arena_29/521a3a85-3e29-4487-b368-829eb56317a8/frames.parquet -> ../hf_subset/arena_29/521a3a85-3e29-4487-b368-829eb56317a8/frames.parquet
[DONE]
[INFO] Discovered arenas: ['arena_01', 'arena_02', 'arena_03', 'arena_04', 'arena_05', 'arena_06', 'arena_07', 'arena_08', 'arena_09', 'arena_10', 'arena_11', 'arena_12', 'arena_13', 'arena_14', 'arena_15', 'arena_16', 'arena_17', 'arena_18', 'arena_19', 'arena_20', 'arena_21', 'arena_22', 'arena_23', 'arena_24', 'arena_25', 'arena_26', 'arena_27', 'arena_28', 'arena_29', 'arena_30', 'arena_31']
[INFO] Found game '5291688d-5ae6-4948-aa74-59d3edb8eab0' in arena_29
[DL] arena_29/5291688d-5ae6-4948-aa74-59d3edb8eab0/frames.parquet -> ../hf_subset/arena_29/5291688d-5ae6-4948-aa74-59d3edb8eab0/frames.parquet
[DONE]
[INFO] Discovered arenas: ['arena_01', 'arena_02', 'arena_03', 'arena_04', 'arena_05', 'arena_06', 'arena_07', 'arena_08', 'arena_09', 'arena_10', 'arena_11', 'arena_12', 'arena_13', 'arena_14', 'arena_15', 'arena_16', 'arena_17', 'arena_18', 'arena_19', 'arena_20', 'arena_21', 'arena_22', 'arena_23', 'arena_24', 'arena_25', 'arena_26', 'arena_27', 'arena_28', 'arena_29', 'arena_30', 'arena_31']
[INFO] Found game '536d7490-7162-47d7-8053-29b906240e7d' in arena_29
[DL] arena_29/536d7490-7162-47d7-8053-29b906240e7d/frames.parquet -> ../hf_subset/arena_29/536d7490-7162-47d7-8053-29b906240e7d/frames.parquet
[DONE]
[INFO] Discovered arenas: ['arena_01', 'arena_02', 'arena_03', 'arena_04', 'arena_05', 'arena_06', 'arena_07', 'arena_08', 'arena_09', 'arena_10', 'arena_11', 'arena_12', 'arena_13', 'arena_14', 'arena_15', 'arena_16', 'arena_17', 'arena_18', 'arena_19', 'arena_20', 'arena_21', 'arena_22', 'arena_23', 'arena_24', 'arena_25', 'arena_26', 'arena_27', 'arena_28', 'arena_29', 'arena_30', 'arena_31']
[INFO] Found game '57028965-ad01-4f73-961a-899805da0ddc' in arena_29
[DL] arena_29/57028965-ad01-4f73-961a-899805da0ddc/frames.parquet -> ../hf_subset/arena_29/57028965-ad01-4f73-961a-899805da0ddc/frames.parquet
[DONE]
[INFO] Discovered arenas: ['arena_01', 'arena_02', 'arena_03', 'arena_04', 'arena_05', 'arena_06', 'arena_07', 'arena_08', 'arena_09', 'arena_10', 'arena_11', 'arena_12', 'arena_13', 'arena_14', 'arena_15', 'arena_16', 'arena_17', 'arena_18', 'arena_19', 'arena_20', 'arena_21', 'arena_22', 'arena_23', 'arena_24', 'arena_25', 'arena_26', 'arena_27', 'arena_28', 'arena_29', 'arena_30', 'arena_31']
[INFO] Found game '58b41649-041b-4c21-9ad5-cace1d622c91' in arena_29
[DL] arena_29/58b41649-041b-4c21-9ad5-cace1d622c91/frames.parquet -> ../hf_subset/arena_29/58b41649-041b-4c21-9ad5-cace1d622c91/frames.parquet
[DONE]
[INFO] Discovered arenas: ['arena_01', 'arena_02', 'arena_03', 'arena_04', 'arena_05', 'arena_06', 'arena_07', 'arena_08', 'arena_09', 'arena_10', 'arena_11', 'arena_12', 'arena_13', 'arena_14', 'arena_15', 'arena_16', 'arena_17', 'arena_18', 'arena_19', 'arena_20', 'arena_21', 'arena_22', 'arena_23', 'arena_24', 'arena_25', 'arena_26', 'arena_27', 'arena_28', 'arena_29', 'arena_30', 'arena_31']
[INFO] Found game '5b306722-1abe-4009-bfdd-74ba0288a9f3' in arena_29
[DL] arena_29/5b306722-1abe-4009-bfdd-74ba0288a9f3/frames.parquet -> ../hf_subset/arena_29/5b306722-1abe-4009-bfdd-74ba0288a9f3/frames.parquet
[DONE]
[INFO] Discovered arenas: ['arena_01', 'arena_02', 'arena_03', 'arena_04', 'arena_05', 'arena_06', 'arena_07', 'arena_08', 'arena_09', 'arena_10', 'arena_11', 'arena_12', 'arena_13', 'arena_14', 'arena_15', 'arena_16', 'arena_17', 'arena_18', 'arena_19', 'arena_20', 'arena_21', 'arena_22', 'arena_23', 'arena_24', 'arena_25', 'arena_26', 'arena_27', 'arena_28', 'arena_29', 'arena_30', 'arena_31']
[INFO] Found game '5c53249d-bd8f-4363-9106-1eb71e1c1ce3' in arena_29
[DL] arena_29/5c53249d-bd8f-4363-9106-1eb71e1c1ce3/frames.parquet -> ../hf_subset/arena_29/5c53249d-bd8f-4363-9106-1eb71e1c1ce3/frames.parquet
[DONE]
[INFO] Discovered arenas: ['arena_01', 'arena_02', 'arena_03', 'arena_04', 'arena_05', 'arena_06', 'arena_07', 'arena_08', 'arena_09', 'arena_10', 'arena_11', 'arena_12', 'arena_13', 'arena_14', 'arena_15', 'arena_16', 'arena_17', 'arena_18', 'arena_19', 'arena_20', 'arena_21', 'arena_22', 'arena_23', 'arena_24', 'arena_25', 'arena_26', 'arena_27', 'arena_28', 'arena_29', 'arena_30', 'arena_31']
[INFO] Found game '5c6f5ea3-8165-4f92-a0ad-357ba0972db3' in arena_29
[DL] arena_29/5c6f5ea3-8165-4f92-a0ad-357ba0972db3/frames.parquet -> ../hf_subset/arena_29/5c6f5ea3-8165-4f92-a0ad-357ba0972db3/frames.parquet
[DONE]
[INFO] Discovered arenas: ['arena_01', 'arena_02', 'arena_03', 'arena_04', 'arena_05', 'arena_06', 'arena_07', 'arena_08', 'arena_09', 'arena_10', 'arena_11', 'arena_12', 'arena_13', 'arena_14', 'arena_15', 'arena_16', 'arena_17', 'arena_18', 'arena_19', 'arena_20', 'arena_21', 'arena_22', 'arena_23', 'arena_24', 'arena_25', 'arena_26', 'arena_27', 'arena_28', 'arena_29', 'arena_30', 'arena_31']
[INFO] Found game '5c75debf-0db1-41eb-9d9b-12c5aa7c4fdf' in arena_29
[DL] arena_29/5c75debf-0db1-41eb-9d9b-12c5aa7c4fdf/frames.parquet -> ../hf_subset/arena_29/5c75debf-0db1-41eb-9d9b-12c5aa7c4fdf/frames.parquet
[DONE]
[INFO] Discovered arenas: ['arena_01', 'arena_02', 'arena_03', 'arena_04', 'arena_05', 'arena_06', 'arena_07', 'arena_08', 'arena_09', 'arena_10', 'arena_11', 'arena_12', 'arena_13', 'arena_14', 'arena_15', 'arena_16', 'arena_17', 'arena_18', 'arena_19', 'arena_20', 'arena_21', 'arena_22', 'arena_23', 'arena_24', 'arena_25', 'arena_26', 'arena_27', 'arena_28', 'arena_29', 'arena_30', 'arena_31']
[INFO] Found game '5d1f5d8b-f708-46c8-90ec-68d5024b42c8' in arena_29
[DL] arena_29/5d1f5d8b-f708-46c8-90ec-68d5024b42c8/frames.parquet -> ../hf_subset/arena_29/5d1f5d8b-f708-46c8-90ec-68d5024b42c8/frames.parquet
[DONE]
[INFO] Discovered arenas: ['arena_01', 'arena_02', 'arena_03', 'arena_04', 'arena_05', 'arena_06', 'arena_07', 'arena_08', 'arena_09', 'arena_10', 'arena_11', 'arena_12', 'arena_13', 'arena_14', 'arena_15', 'arena_16', 'arena_17', 'arena_18', 'arena_19', 'arena_20', 'arena_21', 'arena_22', 'arena_23', 'arena_24', 'arena_25', 'arena_26', 'arena_27', 'arena_28', 'arena_29', 'arena_30', 'arena_31']
[INFO] Found game '5fedc788-357d-46ec-9018-52cbb4357293' in arena_29
[DL] arena_29/5fedc788-357d-46ec-9018-52cbb4357293/frames.parquet -> ../hf_subset/arena_29/5fedc788-357d-46ec-9018-52cbb4357293/frames.parquet
[DONE]
[INFO] Discovered arenas: ['arena_01', 'arena_02', 'arena_03', 'arena_04', 'arena_05', 'arena_06', 'arena_07', 'arena_08', 'arena_09', 'arena_10', 'arena_11', 'arena_12', 'arena_13', 'arena_14', 'arena_15', 'arena_16', 'arena_17', 'arena_18', 'arena_19', 'arena_20', 'arena_21', 'arena_22', 'arena_23', 'arena_24', 'arena_25', 'arena_26', 'arena_27', 'arena_28', 'arena_29', 'arena_30', 'arena_31']
[INFO] Found game '64a5c22f-8337-47ed-bfc5-f47c1275595e' in arena_29
[DL] arena_29/64a5c22f-8337-47ed-bfc5-f47c1275595e/frames.parquet -> ../hf_subset/arena_29/64a5c22f-8337-47ed-bfc5-f47c1275595e/frames.parquet
[DONE]
[INFO] Discovered arenas: ['arena_01', 'arena_02', 'arena_03', 'arena_04', 'arena_05', 'arena_06', 'arena_07', 'arena_08', 'arena_09', 'arena_10', 'arena_11', 'arena_12', 'arena_13', 'arena_14', 'arena_15', 'arena_16', 'arena_17', 'arena_18', 'arena_19', 'arena_20', 'arena_21', 'arena_22', 'arena_23', 'arena_24', 'arena_25', 'arena_26', 'arena_27', 'arena_28', 'arena_29', 'arena_30', 'arena_31']
[INFO] Found game '6633950e-27d6-4a70-a65e-a3691e750cb4' in arena_29
[DL] arena_29/6633950e-27d6-4a70-a65e-a3691e750cb4/frames.parquet -> ../hf_subset/arena_29/6633950e-27d6-4a70-a65e-a3691e750cb4/frames.parquet
[DONE]
[INFO] Discovered arenas: ['arena_01', 'arena_02', 'arena_03', 'arena_04', 'arena_05', 'arena_06', 'arena_07', 'arena_08', 'arena_09', 'arena_10', 'arena_11', 'arena_12', 'arena_13', 'arena_14', 'arena_15', 'arena_16', 'arena_17', 'arena_18', 'arena_19', 'arena_20', 'arena_21', 'arena_22', 'arena_23', 'arena_24', 'arena_25', 'arena_26', 'arena_27', 'arena_28', 'arena_29', 'arena_30', 'arena_31']
[INFO] Found game '66ace5a0-1bf4-4ba2-87cd-293de82499f7' in arena_29
[DL] arena_29/66ace5a0-1bf4-4ba2-87cd-293de82499f7/frames.parquet -> ../hf_subset/arena_29/66ace5a0-1bf4-4ba2-87cd-293de82499f7/frames.parquet
[DONE]
[INFO] Discovered arenas: ['arena_01', 'arena_02', 'arena_03', 'arena_04', 'arena_05', 'arena_06', 'arena_07', 'arena_08', 'arena_09', 'arena_10', 'arena_11', 'arena_12', 'arena_13', 'arena_14', 'arena_15', 'arena_16', 'arena_17', 'arena_18', 'arena_19', 'arena_20', 'arena_21', 'arena_22', 'arena_23', 'arena_24', 'arena_25', 'arena_26', 'arena_27', 'arena_28', 'arena_29', 'arena_30', 'arena_31']
[INFO] Found game '6701b724-86d5-4e98-ab14-f27b8e427702' in arena_29
[DL] arena_29/6701b724-86d5-4e98-ab14-f27b8e427702/frames.parquet -> ../hf_subset/arena_29/6701b724-86d5-4e98-ab14-f27b8e427702/frames.parquet
[DONE]
[INFO] Discovered arenas: ['arena_01', 'arena_02', 'arena_03', 'arena_04', 'arena_05', 'arena_06', 'arena_07', 'arena_08', 'arena_09', 'arena_10', 'arena_11', 'arena_12', 'arena_13', 'arena_14', 'arena_15', 'arena_16', 'arena_17', 'arena_18', 'arena_19', 'arena_20', 'arena_21', 'arena_22', 'arena_23', 'arena_24', 'arena_25', 'arena_26', 'arena_27', 'arena_28', 'arena_29', 'arena_30', 'arena_31']
[INFO] Found game '6c31f886-cf24-4a7c-9382-8c52ef84221a' in arena_29
[DL] arena_29/6c31f886-cf24-4a7c-9382-8c52ef84221a/frames.parquet -> ../hf_subset/arena_29/6c31f886-cf24-4a7c-9382-8c52ef84221a/frames.parquet
[DONE]
[INFO] Discovered arenas: ['arena_01', 'arena_02', 'arena_03', 'arena_04', 'arena_05', 'arena_06', 'arena_07', 'arena_08', 'arena_09', 'arena_10', 'arena_11', 'arena_12', 'arena_13', 'arena_14', 'arena_15', 'arena_16', 'arena_17', 'arena_18', 'arena_19', 'arena_20', 'arena_21', 'arena_22', 'arena_23', 'arena_24', 'arena_25', 'arena_26', 'arena_27', 'arena_28', 'arena_29', 'arena_30', 'arena_31']
[INFO] Found game '6d94a925-8a90-4652-aff8-144b15638e34' in arena_29
[DL] arena_29/6d94a925-8a90-4652-aff8-144b15638e34/frames.parquet -> ../hf_subset/arena_29/6d94a925-8a90-4652-aff8-144b15638e34/frames.parquet
[DONE]
[INFO] Discovered arenas: ['arena_01', 'arena_02', 'arena_03', 'arena_04', 'arena_05', 'arena_06', 'arena_07', 'arena_08', 'arena_09', 'arena_10', 'arena_11', 'arena_12', 'arena_13', 'arena_14', 'arena_15', 'arena_16', 'arena_17', 'arena_18', 'arena_19', 'arena_20', 'arena_21', 'arena_22', 'arena_23', 'arena_24', 'arena_25', 'arena_26', 'arena_27', 'arena_28', 'arena_29', 'arena_30', 'arena_31']
[INFO] Found game '6e84ee36-174b-48fd-86f6-0cfe64e7b399' in arena_29
[DL] arena_29/6e84ee36-174b-48fd-86f6-0cfe64e7b399/frames.parquet -> ../hf_subset/arena_29/6e84ee36-174b-48fd-86f6-0cfe64e7b399/frames.parquet
[DONE]
[INFO] Discovered arenas: ['arena_01', 'arena_02', 'arena_03', 'arena_04', 'arena_05', 'arena_06', 'arena_07', 'arena_08', 'arena_09', 'arena_10', 'arena_11', 'arena_12', 'arena_13', 'arena_14', 'arena_15', 'arena_16', 'arena_17', 'arena_18', 'arena_19', 'arena_20', 'arena_21', 'arena_22', 'arena_23', 'arena_24', 'arena_25', 'arena_26', 'arena_27', 'arena_28', 'arena_29', 'arena_30', 'arena_31']
[INFO] Found game '6ee156bf-b4b2-46db-90ce-b8992efd55f8' in arena_29
[DL] arena_29/6ee156bf-b4b2-46db-90ce-b8992efd55f8/frames.parquet -> ../hf_subset/arena_29/6ee156bf-b4b2-46db-90ce-b8992efd55f8/frames.parquet
[DONE]
[INFO] Discovered arenas: ['arena_01', 'arena_02', 'arena_03', 'arena_04', 'arena_05', 'arena_06', 'arena_07', 'arena_08', 'arena_09', 'arena_10', 'arena_11', 'arena_12', 'arena_13', 'arena_14', 'arena_15', 'arena_16', 'arena_17', 'arena_18', 'arena_19', 'arena_20', 'arena_21', 'arena_22', 'arena_23', 'arena_24', 'arena_25', 'arena_26', 'arena_27', 'arena_28', 'arena_29', 'arena_30', 'arena_31']
[INFO] Found game '6fefd5a9-0182-40d9-88e0-540f6635aa3c' in arena_29
[DL] arena_29/6fefd5a9-0182-40d9-88e0-540f6635aa3c/frames.parquet -> ../hf_subset/arena_29/6fefd5a9-0182-40d9-88e0-540f6635aa3c/frames.parquet
[DONE]
[INFO] Discovered arenas: ['arena_01', 'arena_02', 'arena_03', 'arena_04', 'arena_05', 'arena_06', 'arena_07', 'arena_08', 'arena_09', 'arena_10', 'arena_11', 'arena_12', 'arena_13', 'arena_14', 'arena_15', 'arena_16', 'arena_17', 'arena_18', 'arena_19', 'arena_20', 'arena_21', 'arena_22', 'arena_23', 'arena_24', 'arena_25', 'arena_26', 'arena_27', 'arena_28', 'arena_29', 'arena_30', 'arena_31']
[INFO] Found game '75d9ba2d-89df-4430-9204-b4c4d3453480' in arena_29
[DL] arena_29/75d9ba2d-89df-4430-9204-b4c4d3453480/frames.parquet -> ../hf_subset/arena_29/75d9ba2d-89df-4430-9204-b4c4d3453480/frames.parquet
[DONE]
[INFO] Discovered arenas: ['arena_01', 'arena_02', 'arena_03', 'arena_04', 'arena_05', 'arena_06', 'arena_07', 'arena_08', 'arena_09', 'arena_10', 'arena_11', 'arena_12', 'arena_13', 'arena_14', 'arena_15', 'arena_16', 'arena_17', 'arena_18', 'arena_19', 'arena_20', 'arena_21', 'arena_22', 'arena_23', 'arena_24', 'arena_25', 'arena_26', 'arena_27', 'arena_28', 'arena_29', 'arena_30', 'arena_31']
[INFO] Found game '760f2743-b2a7-46e7-84db-6376b770a344' in arena_29
[DL] arena_29/760f2743-b2a7-46e7-84db-6376b770a344/frames.parquet -> ../hf_subset/arena_29/760f2743-b2a7-46e7-84db-6376b770a344/frames.parquet
[DONE]
[INFO] Discovered arenas: ['arena_01', 'arena_02', 'arena_03', 'arena_04', 'arena_05', 'arena_06', 'arena_07', 'arena_08', 'arena_09', 'arena_10', 'arena_11', 'arena_12', 'arena_13', 'arena_14', 'arena_15', 'arena_16', 'arena_17', 'arena_18', 'arena_19', 'arena_20', 'arena_21', 'arena_22', 'arena_23', 'arena_24', 'arena_25', 'arena_26', 'arena_27', 'arena_28', 'arena_29', 'arena_30', 'arena_31']
[INFO] Found game '7b93fee1-5c73-48be-a8c4-24f08d03c13b' in arena_29
[DL] arena_29/7b93fee1-5c73-48be-a8c4-24f08d03c13b/frames.parquet -> ../hf_subset/arena_29/7b93fee1-5c73-48be-a8c4-24f08d03c13b/frames.parquet
[DONE]
[INFO] Discovered arenas: ['arena_01', 'arena_02', 'arena_03', 'arena_04', 'arena_05', 'arena_06', 'arena_07', 'arena_08', 'arena_09', 'arena_10', 'arena_11', 'arena_12', 'arena_13', 'arena_14', 'arena_15', 'arena_16', 'arena_17', 'arena_18', 'arena_19', 'arena_20', 'arena_21', 'arena_22', 'arena_23', 'arena_24', 'arena_25', 'arena_26', 'arena_27', 'arena_28', 'arena_29', 'arena_30', 'arena_31']
[INFO] Found game '7bc37f71-2efb-426c-952d-67f95b721a39' in arena_29
[DL] arena_29/7bc37f71-2efb-426c-952d-67f95b721a39/frames.parquet -> ../hf_subset/arena_29/7bc37f71-2efb-426c-952d-67f95b721a39/frames.parquet
[DONE]
[INFO] Discovered arenas: ['arena_01', 'arena_02', 'arena_03', 'arena_04', 'arena_05', 'arena_06', 'arena_07', 'arena_08', 'arena_09', 'arena_10', 'arena_11', 'arena_12', 'arena_13', 'arena_14', 'arena_15', 'arena_16', 'arena_17', 'arena_18', 'arena_19', 'arena_20', 'arena_21', 'arena_22', 'arena_23', 'arena_24', 'arena_25', 'arena_26', 'arena_27', 'arena_28', 'arena_29', 'arena_30', 'arena_31']
[INFO] Found game '7c5191fd-0fab-4301-b9a5-f93390896c4f' in arena_29
[DL] arena_29/7c5191fd-0fab-4301-b9a5-f93390896c4f/frames.parquet -> ../hf_subset/arena_29/7c5191fd-0fab-4301-b9a5-f93390896c4f/frames.parquet
[DONE]
[INFO] Discovered arenas: ['arena_01', 'arena_02', 'arena_03', 'arena_04', 'arena_05', 'arena_06', 'arena_07', 'arena_08', 'arena_09', 'arena_10', 'arena_11', 'arena_12', 'arena_13', 'arena_14', 'arena_15', 'arena_16', 'arena_17', 'arena_18', 'arena_19', 'arena_20', 'arena_21', 'arena_22', 'arena_23', 'arena_24', 'arena_25', 'arena_26', 'arena_27', 'arena_28', 'arena_29', 'arena_30', 'arena_31']
[INFO] Found game '82fed41b-db86-4616-a344-c1f0f0203b49' in arena_29
[DL] arena_29/82fed41b-db86-4616-a344-c1f0f0203b49/frames.parquet -> ../hf_subset/arena_29/82fed41b-db86-4616-a344-c1f0f0203b49/frames.parquet
[DONE]
[INFO] Discovered arenas: ['arena_01', 'arena_02', 'arena_03', 'arena_04', 'arena_05', 'arena_06', 'arena_07', 'arena_08', 'arena_09', 'arena_10', 'arena_11', 'arena_12', 'arena_13', 'arena_14', 'arena_15', 'arena_16', 'arena_17', 'arena_18', 'arena_19', 'arena_20', 'arena_21', 'arena_22', 'arena_23', 'arena_24', 'arena_25', 'arena_26', 'arena_27', 'arena_28', 'arena_29', 'arena_30', 'arena_31']
[INFO] Found game '8393ae7b-856f-4e20-8c71-1b498d5fe552' in arena_29
[DL] arena_29/8393ae7b-856f-4e20-8c71-1b498d5fe552/frames.parquet -> ../hf_subset/arena_29/8393ae7b-856f-4e20-8c71-1b498d5fe552/frames.parquet
[DONE]
[INFO] Discovered arenas: ['arena_01', 'arena_02', 'arena_03', 'arena_04', 'arena_05', 'arena_06', 'arena_07', 'arena_08', 'arena_09', 'arena_10', 'arena_11', 'arena_12', 'arena_13', 'arena_14', 'arena_15', 'arena_16', 'arena_17', 'arena_18', 'arena_19', 'arena_20', 'arena_21', 'arena_22', 'arena_23', 'arena_24', 'arena_25', 'arena_26', 'arena_27', 'arena_28', 'arena_29', 'arena_30', 'arena_31']
[INFO] Found game '83ff35b0-8a71-4d92-a001-a781de76eb38' in arena_29
[DL] arena_29/83ff35b0-8a71-4d92-a001-a781de76eb38/frames.parquet -> ../hf_subset/arena_29/83ff35b0-8a71-4d92-a001-a781de76eb38/frames.parquet
[DONE]
[INFO] Discovered arenas: ['arena_01', 'arena_02', 'arena_03', 'arena_04', 'arena_05', 'arena_06', 'arena_07', 'arena_08', 'arena_09', 'arena_10', 'arena_11', 'arena_12', 'arena_13', 'arena_14', 'arena_15', 'arena_16', 'arena_17', 'arena_18', 'arena_19', 'arena_20', 'arena_21', 'arena_22', 'arena_23', 'arena_24', 'arena_25', 'arena_26', 'arena_27', 'arena_28', 'arena_29', 'arena_30', 'arena_31']
[INFO] Found game '85a1ce22-a7c5-4f64-8dc0-b5aa650cfea4' in arena_29
[DL] arena_29/85a1ce22-a7c5-4f64-8dc0-b5aa650cfea4/frames.parquet -> ../hf_subset/arena_29/85a1ce22-a7c5-4f64-8dc0-b5aa650cfea4/frames.parquet
[DONE]
[INFO] Discovered arenas: ['arena_01', 'arena_02', 'arena_03', 'arena_04', 'arena_05', 'arena_06', 'arena_07', 'arena_08', 'arena_09', 'arena_10', 'arena_11', 'arena_12', 'arena_13', 'arena_14', 'arena_15', 'arena_16', 'arena_17', 'arena_18', 'arena_19', 'arena_20', 'arena_21', 'arena_22', 'arena_23', 'arena_24', 'arena_25', 'arena_26', 'arena_27', 'arena_28', 'arena_29', 'arena_30', 'arena_31']
[INFO] Found game '885fb181-e039-46a3-adcc-5d862d355ca6' in arena_29
[DL] arena_29/885fb181-e039-46a3-adcc-5d862d355ca6/frames.parquet -> ../hf_subset/arena_29/885fb181-e039-46a3-adcc-5d862d355ca6/frames.parquet
[DONE]
[INFO] Discovered arenas: ['arena_01', 'arena_02', 'arena_03', 'arena_04', 'arena_05', 'arena_06', 'arena_07', 'arena_08', 'arena_09', 'arena_10', 'arena_11', 'arena_12', 'arena_13', 'arena_14', 'arena_15', 'arena_16', 'arena_17', 'arena_18', 'arena_19', 'arena_20', 'arena_21', 'arena_22', 'arena_23', 'arena_24', 'arena_25', 'arena_26', 'arena_27', 'arena_28', 'arena_29', 'arena_30', 'arena_31']
[INFO] Found game '88682f2e-316a-464b-9dfe-d474870f7107' in arena_29
[DL] arena_29/88682f2e-316a-464b-9dfe-d474870f7107/frames.parquet -> ../hf_subset/arena_29/88682f2e-316a-464b-9dfe-d474870f7107/frames.parquet
[DONE]
[INFO] Discovered arenas: ['arena_01', 'arena_02', 'arena_03', 'arena_04', 'arena_05', 'arena_06', 'arena_07', 'arena_08', 'arena_09', 'arena_10', 'arena_11', 'arena_12', 'arena_13', 'arena_14', 'arena_15', 'arena_16', 'arena_17', 'arena_18', 'arena_19', 'arena_20', 'arena_21', 'arena_22', 'arena_23', 'arena_24', 'arena_25', 'arena_26', 'arena_27', 'arena_28', 'arena_29', 'arena_30', 'arena_31']
[INFO] Found game '8b13ccab-a2d3-4b68-812f-34256a1aee9e' in arena_29
[DL] arena_29/8b13ccab-a2d3-4b68-812f-34256a1aee9e/frames.parquet -> ../hf_subset/arena_29/8b13ccab-a2d3-4b68-812f-34256a1aee9e/frames.parquet
[DONE]
[INFO] Discovered arenas: ['arena_01', 'arena_02', 'arena_03', 'arena_04', 'arena_05', 'arena_06', 'arena_07', 'arena_08', 'arena_09', 'arena_10', 'arena_11', 'arena_12', 'arena_13', 'arena_14', 'arena_15', 'arena_16', 'arena_17', 'arena_18', 'arena_19', 'arena_20', 'arena_21', 'arena_22', 'arena_23', 'arena_24', 'arena_25', 'arena_26', 'arena_27', 'arena_28', 'arena_29', 'arena_30', 'arena_31']
[INFO] Found game '8f61fac1-4ba1-4b9a-9c82-1586c7d7cb31' in arena_29
[DL] arena_29/8f61fac1-4ba1-4b9a-9c82-1586c7d7cb31/frames.parquet -> ../hf_subset/arena_29/8f61fac1-4ba1-4b9a-9c82-1586c7d7cb31/frames.parquet
[DONE]
[INFO] Discovered arenas: ['arena_01', 'arena_02', 'arena_03', 'arena_04', 'arena_05', 'arena_06', 'arena_07', 'arena_08', 'arena_09', 'arena_10', 'arena_11', 'arena_12', 'arena_13', 'arena_14', 'arena_15', 'arena_16', 'arena_17', 'arena_18', 'arena_19', 'arena_20', 'arena_21', 'arena_22', 'arena_23', 'arena_24', 'arena_25', 'arena_26', 'arena_27', 'arena_28', 'arena_29', 'arena_30', 'arena_31']
[INFO] Found game '97154f01-fa99-477d-beec-e88f8eff2c4c' in arena_29
[DL] arena_29/97154f01-fa99-477d-beec-e88f8eff2c4c/frames.parquet -> ../hf_subset/arena_29/97154f01-fa99-477d-beec-e88f8eff2c4c/frames.parquet
[DONE]
[INFO] Discovered arenas: ['arena_01', 'arena_02', 'arena_03', 'arena_04', 'arena_05', 'arena_06', 'arena_07', 'arena_08', 'arena_09', 'arena_10', 'arena_11', 'arena_12', 'arena_13', 'arena_14', 'arena_15', 'arena_16', 'arena_17', 'arena_18', 'arena_19', 'arena_20', 'arena_21', 'arena_22', 'arena_23', 'arena_24', 'arena_25', 'arena_26', 'arena_27', 'arena_28', 'arena_29', 'arena_30', 'arena_31']
[INFO] Found game '97619a13-f87b-4ded-855e-1f3222f81942' in arena_29
[DL] arena_29/97619a13-f87b-4ded-855e-1f3222f81942/frames.parquet -> ../hf_subset/arena_29/97619a13-f87b-4ded-855e-1f3222f81942/frames.parquet
[DONE]
[INFO] Discovered arenas: ['arena_01', 'arena_02', 'arena_03', 'arena_04', 'arena_05', 'arena_06', 'arena_07', 'arena_08', 'arena_09', 'arena_10', 'arena_11', 'arena_12', 'arena_13', 'arena_14', 'arena_15', 'arena_16', 'arena_17', 'arena_18', 'arena_19', 'arena_20', 'arena_21', 'arena_22', 'arena_23', 'arena_24', 'arena_25', 'arena_26', 'arena_27', 'arena_28', 'arena_29', 'arena_30', 'arena_31']
[INFO] Found game '97c29fcb-72b4-485e-9198-73a665350253' in arena_29
[DL] arena_29/97c29fcb-72b4-485e-9198-73a665350253/frames.parquet -> ../hf_subset/arena_29/97c29fcb-72b4-485e-9198-73a665350253/frames.parquet
[DONE]
[INFO] Discovered arenas: ['arena_01', 'arena_02', 'arena_03', 'arena_04', 'arena_05', 'arena_06', 'arena_07', 'arena_08', 'arena_09', 'arena_10', 'arena_11', 'arena_12', 'arena_13', 'arena_14', 'arena_15', 'arena_16', 'arena_17', 'arena_18', 'arena_19', 'arena_20', 'arena_21', 'arena_22', 'arena_23', 'arena_24', 'arena_25', 'arena_26', 'arena_27', 'arena_28', 'arena_29', 'arena_30', 'arena_31']
[INFO] Found game '980aa287-6025-4901-8665-365d5ac66c6a' in arena_29
[DL] arena_29/980aa287-6025-4901-8665-365d5ac66c6a/frames.parquet -> ../hf_subset/arena_29/980aa287-6025-4901-8665-365d5ac66c6a/frames.parquet
[DONE]
[INFO] Discovered arenas: ['arena_01', 'arena_02', 'arena_03', 'arena_04', 'arena_05', 'arena_06', 'arena_07', 'arena_08', 'arena_09', 'arena_10', 'arena_11', 'arena_12', 'arena_13', 'arena_14', 'arena_15', 'arena_16', 'arena_17', 'arena_18', 'arena_19', 'arena_20', 'arena_21', 'arena_22', 'arena_23', 'arena_24', 'arena_25', 'arena_26', 'arena_27', 'arena_28', 'arena_29', 'arena_30', 'arena_31']
[INFO] Found game '9c4ef90c-0fe2-4351-8806-0273f8d70a68' in arena_29
[DL] arena_29/9c4ef90c-0fe2-4351-8806-0273f8d70a68/frames.parquet -> ../hf_subset/arena_29/9c4ef90c-0fe2-4351-8806-0273f8d70a68/frames.parquet
[DONE]
[INFO] Discovered arenas: ['arena_01', 'arena_02', 'arena_03', 'arena_04', 'arena_05', 'arena_06', 'arena_07', 'arena_08', 'arena_09', 'arena_10', 'arena_11', 'arena_12', 'arena_13', 'arena_14', 'arena_15', 'arena_16', 'arena_17', 'arena_18', 'arena_19', 'arena_20', 'arena_21', 'arena_22', 'arena_23', 'arena_24', 'arena_25', 'arena_26', 'arena_27', 'arena_28', 'arena_29', 'arena_30', 'arena_31']
[INFO] Found game 'a02107ee-d7d3-494b-92aa-5cb21ee053f3' in arena_29
[DL] arena_29/a02107ee-d7d3-494b-92aa-5cb21ee053f3/frames.parquet -> ../hf_subset/arena_29/a02107ee-d7d3-494b-92aa-5cb21ee053f3/frames.parquet
[DONE]
[INFO] Discovered arenas: ['arena_01', 'arena_02', 'arena_03', 'arena_04', 'arena_05', 'arena_06', 'arena_07', 'arena_08', 'arena_09', 'arena_10', 'arena_11', 'arena_12', 'arena_13', 'arena_14', 'arena_15', 'arena_16', 'arena_17', 'arena_18', 'arena_19', 'arena_20', 'arena_21', 'arena_22', 'arena_23', 'arena_24', 'arena_25', 'arena_26', 'arena_27', 'arena_28', 'arena_29', 'arena_30', 'arena_31']
[INFO] Found game 'a0ee11f6-46c8-4145-9fc4-5f0946264da5' in arena_29
[DL] arena_29/a0ee11f6-46c8-4145-9fc4-5f0946264da5/frames.parquet -> ../hf_subset/arena_29/a0ee11f6-46c8-4145-9fc4-5f0946264da5/frames.parquet
[DONE]
[INFO] Discovered arenas: ['arena_01', 'arena_02', 'arena_03', 'arena_04', 'arena_05', 'arena_06', 'arena_07', 'arena_08', 'arena_09', 'arena_10', 'arena_11', 'arena_12', 'arena_13', 'arena_14', 'arena_15', 'arena_16', 'arena_17', 'arena_18', 'arena_19', 'arena_20', 'arena_21', 'arena_22', 'arena_23', 'arena_24', 'arena_25', 'arena_26', 'arena_27', 'arena_28', 'arena_29', 'arena_30', 'arena_31']
[INFO] Found game 'a556aae0-8ac7-4613-abe6-223c7272a35d' in arena_29
[DL] arena_29/a556aae0-8ac7-4613-abe6-223c7272a35d/frames.parquet -> ../hf_subset/arena_29/a556aae0-8ac7-4613-abe6-223c7272a35d/frames.parquet
[DONE]
[INFO] Discovered arenas: ['arena_01', 'arena_02', 'arena_03', 'arena_04', 'arena_05', 'arena_06', 'arena_07', 'arena_08', 'arena_09', 'arena_10', 'arena_11', 'arena_12', 'arena_13', 'arena_14', 'arena_15', 'arena_16', 'arena_17', 'arena_18', 'arena_19', 'arena_20', 'arena_21', 'arena_22', 'arena_23', 'arena_24', 'arena_25', 'arena_26', 'arena_27', 'arena_28', 'arena_29', 'arena_30', 'arena_31']
[INFO] Found game 'a6d75ea7-13de-4d57-a379-843b61304598' in arena_29
[DL] arena_29/a6d75ea7-13de-4d57-a379-843b61304598/frames.parquet -> ../hf_subset/arena_29/a6d75ea7-13de-4d57-a379-843b61304598/frames.parquet
[DONE]
[INFO] Discovered arenas: ['arena_01', 'arena_02', 'arena_03', 'arena_04', 'arena_05', 'arena_06', 'arena_07', 'arena_08', 'arena_09', 'arena_10', 'arena_11', 'arena_12', 'arena_13', 'arena_14', 'arena_15', 'arena_16', 'arena_17', 'arena_18', 'arena_19', 'arena_20', 'arena_21', 'arena_22', 'arena_23', 'arena_24', 'arena_25', 'arena_26', 'arena_27', 'arena_28', 'arena_29', 'arena_30', 'arena_31']
[INFO] Found game 'a6f06a46-25e5-4f62-affd-546b37c70673' in arena_29
[DL] arena_29/a6f06a46-25e5-4f62-affd-546b37c70673/frames.parquet -> ../hf_subset/arena_29/a6f06a46-25e5-4f62-affd-546b37c70673/frames.parquet
[DONE]
[INFO] Discovered arenas: ['arena_01', 'arena_02', 'arena_03', 'arena_04', 'arena_05', 'arena_06', 'arena_07', 'arena_08', 'arena_09', 'arena_10', 'arena_11', 'arena_12', 'arena_13', 'arena_14', 'arena_15', 'arena_16', 'arena_17', 'arena_18', 'arena_19', 'arena_20', 'arena_21', 'arena_22', 'arena_23', 'arena_24', 'arena_25', 'arena_26', 'arena_27', 'arena_28', 'arena_29', 'arena_30', 'arena_31']
[INFO] Found game 'ad8029b2-283d-4742-8331-eaba59115aed' in arena_29
[DL] arena_29/ad8029b2-283d-4742-8331-eaba59115aed/frames.parquet -> ../hf_subset/arena_29/ad8029b2-283d-4742-8331-eaba59115aed/frames.parquet
[DONE]
[INFO] Discovered arenas: ['arena_01', 'arena_02', 'arena_03', 'arena_04', 'arena_05', 'arena_06', 'arena_07', 'arena_08', 'arena_09', 'arena_10', 'arena_11', 'arena_12', 'arena_13', 'arena_14', 'arena_15', 'arena_16', 'arena_17', 'arena_18', 'arena_19', 'arena_20', 'arena_21', 'arena_22', 'arena_23', 'arena_24', 'arena_25', 'arena_26', 'arena_27', 'arena_28', 'arena_29', 'arena_30', 'arena_31']
[INFO] Found game 'aef7d029-8c06-4a56-8152-789c06500f9c' in arena_29
[DL] arena_29/aef7d029-8c06-4a56-8152-789c06500f9c/frames.parquet -> ../hf_subset/arena_29/aef7d029-8c06-4a56-8152-789c06500f9c/frames.parquet
[DONE]
[INFO] Discovered arenas: ['arena_01', 'arena_02', 'arena_03', 'arena_04', 'arena_05', 'arena_06', 'arena_07', 'arena_08', 'arena_09', 'arena_10', 'arena_11', 'arena_12', 'arena_13', 'arena_14', 'arena_15', 'arena_16', 'arena_17', 'arena_18', 'arena_19', 'arena_20', 'arena_21', 'arena_22', 'arena_23', 'arena_24', 'arena_25', 'arena_26', 'arena_27', 'arena_28', 'arena_29', 'arena_30', 'arena_31']
[INFO] Found game 'b065dd4e-ccb2-4fd5-bd87-9b7db1dda16a' in arena_29
[DL] arena_29/b065dd4e-ccb2-4fd5-bd87-9b7db1dda16a/frames.parquet -> ../hf_subset/arena_29/b065dd4e-ccb2-4fd5-bd87-9b7db1dda16a/frames.parquet
[DONE]
[INFO] Discovered arenas: ['arena_01', 'arena_02', 'arena_03', 'arena_04', 'arena_05', 'arena_06', 'arena_07', 'arena_08', 'arena_09', 'arena_10', 'arena_11', 'arena_12', 'arena_13', 'arena_14', 'arena_15', 'arena_16', 'arena_17', 'arena_18', 'arena_19', 'arena_20', 'arena_21', 'arena_22', 'arena_23', 'arena_24', 'arena_25', 'arena_26', 'arena_27', 'arena_28', 'arena_29', 'arena_30', 'arena_31']
[INFO] Found game 'b3c60280-a472-45d0-9c2d-217369193604' in arena_29
[DL] arena_29/b3c60280-a472-45d0-9c2d-217369193604/frames.parquet -> ../hf_subset/arena_29/b3c60280-a472-45d0-9c2d-217369193604/frames.parquet
[DONE]
[INFO] Discovered arenas: ['arena_01', 'arena_02', 'arena_03', 'arena_04', 'arena_05', 'arena_06', 'arena_07', 'arena_08', 'arena_09', 'arena_10', 'arena_11', 'arena_12', 'arena_13', 'arena_14', 'arena_15', 'arena_16', 'arena_17', 'arena_18', 'arena_19', 'arena_20', 'arena_21', 'arena_22', 'arena_23', 'arena_24', 'arena_25', 'arena_26', 'arena_27', 'arena_28', 'arena_29', 'arena_30', 'arena_31']
[INFO] Found game 'b63b6e50-359a-4d70-a116-4b667fcd5e2d' in arena_29
[DL] arena_29/b63b6e50-359a-4d70-a116-4b667fcd5e2d/frames.parquet -> ../hf_subset/arena_29/b63b6e50-359a-4d70-a116-4b667fcd5e2d/frames.parquet
[DONE]
[INFO] Discovered arenas: ['arena_01', 'arena_02', 'arena_03', 'arena_04', 'arena_05', 'arena_06', 'arena_07', 'arena_08', 'arena_09', 'arena_10', 'arena_11', 'arena_12', 'arena_13', 'arena_14', 'arena_15', 'arena_16', 'arena_17', 'arena_18', 'arena_19', 'arena_20', 'arena_21', 'arena_22', 'arena_23', 'arena_24', 'arena_25', 'arena_26', 'arena_27', 'arena_28', 'arena_29', 'arena_30', 'arena_31']
[INFO] Found game 'b8a117fd-db98-4154-8603-14f002e2f756' in arena_29
[DL] arena_29/b8a117fd-db98-4154-8603-14f002e2f756/frames.parquet -> ../hf_subset/arena_29/b8a117fd-db98-4154-8603-14f002e2f756/frames.parquet
[DONE]
[INFO] Discovered arenas: ['arena_01', 'arena_02', 'arena_03', 'arena_04', 'arena_05', 'arena_06', 'arena_07', 'arena_08', 'arena_09', 'arena_10', 'arena_11', 'arena_12', 'arena_13', 'arena_14', 'arena_15', 'arena_16', 'arena_17', 'arena_18', 'arena_19', 'arena_20', 'arena_21', 'arena_22', 'arena_23', 'arena_24', 'arena_25', 'arena_26', 'arena_27', 'arena_28', 'arena_29', 'arena_30', 'arena_31']
[INFO] Found game 'b9c2a9b7-c836-4813-a8ea-4edde68051b6' in arena_29
[DL] arena_29/b9c2a9b7-c836-4813-a8ea-4edde68051b6/frames.parquet -> ../hf_subset/arena_29/b9c2a9b7-c836-4813-a8ea-4edde68051b6/frames.parquet
[DONE]
[INFO] Discovered arenas: ['arena_01', 'arena_02', 'arena_03', 'arena_04', 'arena_05', 'arena_06', 'arena_07', 'arena_08', 'arena_09', 'arena_10', 'arena_11', 'arena_12', 'arena_13', 'arena_14', 'arena_15', 'arena_16', 'arena_17', 'arena_18', 'arena_19', 'arena_20', 'arena_21', 'arena_22', 'arena_23', 'arena_24', 'arena_25', 'arena_26', 'arena_27', 'arena_28', 'arena_29', 'arena_30', 'arena_31']
[INFO] Found game 'bc7ffef9-5ecb-4c51-97fd-dfd19fa34614' in arena_29
[DL] arena_29/bc7ffef9-5ecb-4c51-97fd-dfd19fa34614/frames.parquet -> ../hf_subset/arena_29/bc7ffef9-5ecb-4c51-97fd-dfd19fa34614/frames.parquet
[DONE]
[INFO] Discovered arenas: ['arena_01', 'arena_02', 'arena_03', 'arena_04', 'arena_05', 'arena_06', 'arena_07', 'arena_08', 'arena_09', 'arena_10', 'arena_11', 'arena_12', 'arena_13', 'arena_14', 'arena_15', 'arena_16', 'arena_17', 'arena_18', 'arena_19', 'arena_20', 'arena_21', 'arena_22', 'arena_23', 'arena_24', 'arena_25', 'arena_26', 'arena_27', 'arena_28', 'arena_29', 'arena_30', 'arena_31']
[INFO] Found game 'befb6f7f-553e-4ad9-a1cf-b243541c490c' in arena_29
[DL] arena_29/befb6f7f-553e-4ad9-a1cf-b243541c490c/frames.parquet -> ../hf_subset/arena_29/befb6f7f-553e-4ad9-a1cf-b243541c490c/frames.parquet
[DONE]
[INFO] Discovered arenas: ['arena_01', 'arena_02', 'arena_03', 'arena_04', 'arena_05', 'arena_06', 'arena_07', 'arena_08', 'arena_09', 'arena_10', 'arena_11', 'arena_12', 'arena_13', 'arena_14', 'arena_15', 'arena_16', 'arena_17', 'arena_18', 'arena_19', 'arena_20', 'arena_21', 'arena_22', 'arena_23', 'arena_24', 'arena_25', 'arena_26', 'arena_27', 'arena_28', 'arena_29', 'arena_30', 'arena_31']
[INFO] Found game 'c26c9423-0deb-4578-ae8a-05dd681861ba' in arena_29
[DL] arena_29/c26c9423-0deb-4578-ae8a-05dd681861ba/frames.parquet -> ../hf_subset/arena_29/c26c9423-0deb-4578-ae8a-05dd681861ba/frames.parquet
[DONE]
[INFO] Discovered arenas: ['arena_01', 'arena_02', 'arena_03', 'arena_04', 'arena_05', 'arena_06', 'arena_07', 'arena_08', 'arena_09', 'arena_10', 'arena_11', 'arena_12', 'arena_13', 'arena_14', 'arena_15', 'arena_16', 'arena_17', 'arena_18', 'arena_19', 'arena_20', 'arena_21', 'arena_22', 'arena_23', 'arena_24', 'arena_25', 'arena_26', 'arena_27', 'arena_28', 'arena_29', 'arena_30', 'arena_31']
[INFO] Found game 'c584c86e-40f5-4844-82da-2eeee9e6d924' in arena_29
[DL] arena_29/c584c86e-40f5-4844-82da-2eeee9e6d924/frames.parquet -> ../hf_subset/arena_29/c584c86e-40f5-4844-82da-2eeee9e6d924/frames.parquet
[DONE]
[INFO] Discovered arenas: ['arena_01', 'arena_02', 'arena_03', 'arena_04', 'arena_05', 'arena_06', 'arena_07', 'arena_08', 'arena_09', 'arena_10', 'arena_11', 'arena_12', 'arena_13', 'arena_14', 'arena_15', 'arena_16', 'arena_17', 'arena_18', 'arena_19', 'arena_20', 'arena_21', 'arena_22', 'arena_23', 'arena_24', 'arena_25', 'arena_26', 'arena_27', 'arena_28', 'arena_29', 'arena_30', 'arena_31']
[INFO] Found game 'c71ad96d-2f2b-403d-9eae-8db678bae9af' in arena_29
[DL] arena_29/c71ad96d-2f2b-403d-9eae-8db678bae9af/frames.parquet -> ../hf_subset/arena_29/c71ad96d-2f2b-403d-9eae-8db678bae9af/frames.parquet
[DONE]
[INFO] Discovered arenas: ['arena_01', 'arena_02', 'arena_03', 'arena_04', 'arena_05', 'arena_06', 'arena_07', 'arena_08', 'arena_09', 'arena_10', 'arena_11', 'arena_12', 'arena_13', 'arena_14', 'arena_15', 'arena_16', 'arena_17', 'arena_18', 'arena_19', 'arena_20', 'arena_21', 'arena_22', 'arena_23', 'arena_24', 'arena_25', 'arena_26', 'arena_27', 'arena_28', 'arena_29', 'arena_30', 'arena_31']
[INFO] Found game 'c8187190-3a23-4635-b54f-7170281a368c' in arena_29
[DL] arena_29/c8187190-3a23-4635-b54f-7170281a368c/frames.parquet -> ../hf_subset/arena_29/c8187190-3a23-4635-b54f-7170281a368c/frames.parquet
[DONE]
[INFO] Discovered arenas: ['arena_01', 'arena_02', 'arena_03', 'arena_04', 'arena_05', 'arena_06', 'arena_07', 'arena_08', 'arena_09', 'arena_10', 'arena_11', 'arena_12', 'arena_13', 'arena_14', 'arena_15', 'arena_16', 'arena_17', 'arena_18', 'arena_19', 'arena_20', 'arena_21', 'arena_22', 'arena_23', 'arena_24', 'arena_25', 'arena_26', 'arena_27', 'arena_28', 'arena_29', 'arena_30', 'arena_31']
[INFO] Found game 'c93bb369-0d2f-4a52-a75f-ce2cc7d9c01d' in arena_29
[DL] arena_29/c93bb369-0d2f-4a52-a75f-ce2cc7d9c01d/frames.parquet -> ../hf_subset/arena_29/c93bb369-0d2f-4a52-a75f-ce2cc7d9c01d/frames.parquet
[DONE]
[INFO] Discovered arenas: ['arena_01', 'arena_02', 'arena_03', 'arena_04', 'arena_05', 'arena_06', 'arena_07', 'arena_08', 'arena_09', 'arena_10', 'arena_11', 'arena_12', 'arena_13', 'arena_14', 'arena_15', 'arena_16', 'arena_17', 'arena_18', 'arena_19', 'arena_20', 'arena_21', 'arena_22', 'arena_23', 'arena_24', 'arena_25', 'arena_26', 'arena_27', 'arena_28', 'arena_29', 'arena_30', 'arena_31']
[INFO] Found game 'ca191bdf-e6a4-4d89-9d07-7dfacb90e496' in arena_29
[DL] arena_29/ca191bdf-e6a4-4d89-9d07-7dfacb90e496/frames.parquet -> ../hf_subset/arena_29/ca191bdf-e6a4-4d89-9d07-7dfacb90e496/frames.parquet
[DONE]
[INFO] Discovered arenas: ['arena_01', 'arena_02', 'arena_03', 'arena_04', 'arena_05', 'arena_06', 'arena_07', 'arena_08', 'arena_09', 'arena_10', 'arena_11', 'arena_12', 'arena_13', 'arena_14', 'arena_15', 'arena_16', 'arena_17', 'arena_18', 'arena_19', 'arena_20', 'arena_21', 'arena_22', 'arena_23', 'arena_24', 'arena_25', 'arena_26', 'arena_27', 'arena_28', 'arena_29', 'arena_30', 'arena_31']
[INFO] Found game 'cc35e06c-1285-4c96-bd6c-3a23fd300978' in arena_29
[DL] arena_29/cc35e06c-1285-4c96-bd6c-3a23fd300978/frames.parquet -> ../hf_subset/arena_29/cc35e06c-1285-4c96-bd6c-3a23fd300978/frames.parquet
[DONE]
[INFO] Discovered arenas: ['arena_01', 'arena_02', 'arena_03', 'arena_04', 'arena_05', 'arena_06', 'arena_07', 'arena_08', 'arena_09', 'arena_10', 'arena_11', 'arena_12', 'arena_13', 'arena_14', 'arena_15', 'arena_16', 'arena_17', 'arena_18', 'arena_19', 'arena_20', 'arena_21', 'arena_22', 'arena_23', 'arena_24', 'arena_25', 'arena_26', 'arena_27', 'arena_28', 'arena_29', 'arena_30', 'arena_31']
[INFO] Found game 'cc74148f-8409-41b0-82a2-361df1f496aa' in arena_29
[DL] arena_29/cc74148f-8409-41b0-82a2-361df1f496aa/frames.parquet -> ../hf_subset/arena_29/cc74148f-8409-41b0-82a2-361df1f496aa/frames.parquet
[DONE]
[INFO] Discovered arenas: ['arena_01', 'arena_02', 'arena_03', 'arena_04', 'arena_05', 'arena_06', 'arena_07', 'arena_08', 'arena_09', 'arena_10', 'arena_11', 'arena_12', 'arena_13', 'arena_14', 'arena_15', 'arena_16', 'arena_17', 'arena_18', 'arena_19', 'arena_20', 'arena_21', 'arena_22', 'arena_23', 'arena_24', 'arena_25', 'arena_26', 'arena_27', 'arena_28', 'arena_29', 'arena_30', 'arena_31']
[INFO] Found game 'cd96e2f2-f795-4718-8fc8-2080731f5102' in arena_29
[DL] arena_29/cd96e2f2-f795-4718-8fc8-2080731f5102/frames.parquet -> ../hf_subset/arena_29/cd96e2f2-f795-4718-8fc8-2080731f5102/frames.parquet
[DONE]
[INFO] Discovered arenas: ['arena_01', 'arena_02', 'arena_03', 'arena_04', 'arena_05', 'arena_06', 'arena_07', 'arena_08', 'arena_09', 'arena_10', 'arena_11', 'arena_12', 'arena_13', 'arena_14', 'arena_15', 'arena_16', 'arena_17', 'arena_18', 'arena_19', 'arena_20', 'arena_21', 'arena_22', 'arena_23', 'arena_24', 'arena_25', 'arena_26', 'arena_27', 'arena_28', 'arena_29', 'arena_30', 'arena_31']
[INFO] Found game 'cfe8972a-54b4-4976-98a3-122056709dec' in arena_29
[DL] arena_29/cfe8972a-54b4-4976-98a3-122056709dec/frames.parquet -> ../hf_subset/arena_29/cfe8972a-54b4-4976-98a3-122056709dec/frames.parquet
[DONE]
[INFO] Discovered arenas: ['arena_01', 'arena_02', 'arena_03', 'arena_04', 'arena_05', 'arena_06', 'arena_07', 'arena_08', 'arena_09', 'arena_10', 'arena_11', 'arena_12', 'arena_13', 'arena_14', 'arena_15', 'arena_16', 'arena_17', 'arena_18', 'arena_19', 'arena_20', 'arena_21', 'arena_22', 'arena_23', 'arena_24', 'arena_25', 'arena_26', 'arena_27', 'arena_28', 'arena_29', 'arena_30', 'arena_31']
[INFO] Found game 'd0417583-846d-4659-8d3b-54e0318084ed' in arena_29
[DL] arena_29/d0417583-846d-4659-8d3b-54e0318084ed/frames.parquet -> ../hf_subset/arena_29/d0417583-846d-4659-8d3b-54e0318084ed/frames.parquet
[DONE]
[INFO] Discovered arenas: ['arena_01', 'arena_02', 'arena_03', 'arena_04', 'arena_05', 'arena_06', 'arena_07', 'arena_08', 'arena_09', 'arena_10', 'arena_11', 'arena_12', 'arena_13', 'arena_14', 'arena_15', 'arena_16', 'arena_17', 'arena_18', 'arena_19', 'arena_20', 'arena_21', 'arena_22', 'arena_23', 'arena_24', 'arena_25', 'arena_26', 'arena_27', 'arena_28', 'arena_29', 'arena_30', 'arena_31']
[INFO] Found game 'd4862311-5341-4ea1-aa4f-31abb8354351' in arena_29
[DL] arena_29/d4862311-5341-4ea1-aa4f-31abb8354351/frames.parquet -> ../hf_subset/arena_29/d4862311-5341-4ea1-aa4f-31abb8354351/frames.parquet
[DONE]
[INFO] Discovered arenas: ['arena_01', 'arena_02', 'arena_03', 'arena_04', 'arena_05', 'arena_06', 'arena_07', 'arena_08', 'arena_09', 'arena_10', 'arena_11', 'arena_12', 'arena_13', 'arena_14', 'arena_15', 'arena_16', 'arena_17', 'arena_18', 'arena_19', 'arena_20', 'arena_21', 'arena_22', 'arena_23', 'arena_24', 'arena_25', 'arena_26', 'arena_27', 'arena_28', 'arena_29', 'arena_30', 'arena_31']
[INFO] Found game 'd4ee2f86-941e-4e82-9810-f2232ecfccd5' in arena_29
[DL] arena_29/d4ee2f86-941e-4e82-9810-f2232ecfccd5/frames.parquet -> ../hf_subset/arena_29/d4ee2f86-941e-4e82-9810-f2232ecfccd5/frames.parquet
[DONE]
[INFO] Discovered arenas: ['arena_01', 'arena_02', 'arena_03', 'arena_04', 'arena_05', 'arena_06', 'arena_07', 'arena_08', 'arena_09', 'arena_10', 'arena_11', 'arena_12', 'arena_13', 'arena_14', 'arena_15', 'arena_16', 'arena_17', 'arena_18', 'arena_19', 'arena_20', 'arena_21', 'arena_22', 'arena_23', 'arena_24', 'arena_25', 'arena_26', 'arena_27', 'arena_28', 'arena_29', 'arena_30', 'arena_31']
[INFO] Found game 'd9038c3f-abaa-4c52-bf00-af401bd84f75' in arena_29
[DL] arena_29/d9038c3f-abaa-4c52-bf00-af401bd84f75/frames.parquet -> ../hf_subset/arena_29/d9038c3f-abaa-4c52-bf00-af401bd84f75/frames.parquet
[DONE]
[INFO] Discovered arenas: ['arena_01', 'arena_02', 'arena_03', 'arena_04', 'arena_05', 'arena_06', 'arena_07', 'arena_08', 'arena_09', 'arena_10', 'arena_11', 'arena_12', 'arena_13', 'arena_14', 'arena_15', 'arena_16', 'arena_17', 'arena_18', 'arena_19', 'arena_20', 'arena_21', 'arena_22', 'arena_23', 'arena_24', 'arena_25', 'arena_26', 'arena_27', 'arena_28', 'arena_29', 'arena_30', 'arena_31']
[INFO] Found game 'da44839e-3145-4cac-9465-7c78c5f6903f' in arena_29
[DL] arena_29/da44839e-3145-4cac-9465-7c78c5f6903f/frames.parquet -> ../hf_subset/arena_29/da44839e-3145-4cac-9465-7c78c5f6903f/frames.parquet
[DONE]
[INFO] Discovered arenas: ['arena_01', 'arena_02', 'arena_03', 'arena_04', 'arena_05', 'arena_06', 'arena_07', 'arena_08', 'arena_09', 'arena_10', 'arena_11', 'arena_12', 'arena_13', 'arena_14', 'arena_15', 'arena_16', 'arena_17', 'arena_18', 'arena_19', 'arena_20', 'arena_21', 'arena_22', 'arena_23', 'arena_24', 'arena_25', 'arena_26', 'arena_27', 'arena_28', 'arena_29', 'arena_30', 'arena_31']
[INFO] Found game 'dca5510d-1b1e-4aae-8251-a53b0731b26d' in arena_29
[DL] arena_29/dca5510d-1b1e-4aae-8251-a53b0731b26d/frames.parquet -> ../hf_subset/arena_29/dca5510d-1b1e-4aae-8251-a53b0731b26d/frames.parquet
[DONE]
[INFO] Discovered arenas: ['arena_01', 'arena_02', 'arena_03', 'arena_04', 'arena_05', 'arena_06', 'arena_07', 'arena_08', 'arena_09', 'arena_10', 'arena_11', 'arena_12', 'arena_13', 'arena_14', 'arena_15', 'arena_16', 'arena_17', 'arena_18', 'arena_19', 'arena_20', 'arena_21', 'arena_22', 'arena_23', 'arena_24', 'arena_25', 'arena_26', 'arena_27', 'arena_28', 'arena_29', 'arena_30', 'arena_31']
[INFO] Found game 'e0e7a3ab-ed4a-42f1-ab28-e69ab9b9f0ab' in arena_29
[DL] arena_29/e0e7a3ab-ed4a-42f1-ab28-e69ab9b9f0ab/frames.parquet -> ../hf_subset/arena_29/e0e7a3ab-ed4a-42f1-ab28-e69ab9b9f0ab/frames.parquet
[DONE]
[INFO] Discovered arenas: ['arena_01', 'arena_02', 'arena_03', 'arena_04', 'arena_05', 'arena_06', 'arena_07', 'arena_08', 'arena_09', 'arena_10', 'arena_11', 'arena_12', 'arena_13', 'arena_14', 'arena_15', 'arena_16', 'arena_17', 'arena_18', 'arena_19', 'arena_20', 'arena_21', 'arena_22', 'arena_23', 'arena_24', 'arena_25', 'arena_26', 'arena_27', 'arena_28', 'arena_29', 'arena_30', 'arena_31']
[INFO] Found game 'e2384847-abad-4aa7-b640-f1a87a07570c' in arena_29
[DL] arena_29/e2384847-abad-4aa7-b640-f1a87a07570c/frames.parquet -> ../hf_subset/arena_29/e2384847-abad-4aa7-b640-f1a87a07570c/frames.parquet
[DONE]
[INFO] Discovered arenas: ['arena_01', 'arena_02', 'arena_03', 'arena_04', 'arena_05', 'arena_06', 'arena_07', 'arena_08', 'arena_09', 'arena_10', 'arena_11', 'arena_12', 'arena_13', 'arena_14', 'arena_15', 'arena_16', 'arena_17', 'arena_18', 'arena_19', 'arena_20', 'arena_21', 'arena_22', 'arena_23', 'arena_24', 'arena_25', 'arena_26', 'arena_27', 'arena_28', 'arena_29', 'arena_30', 'arena_31']
[INFO] Found game 'e9fdd872-5986-4667-a653-50a4edf56007' in arena_29
[DL] arena_29/e9fdd872-5986-4667-a653-50a4edf56007/frames.parquet -> ../hf_subset/arena_29/e9fdd872-5986-4667-a653-50a4edf56007/frames.parquet
[DONE]
[INFO] Discovered arenas: ['arena_01', 'arena_02', 'arena_03', 'arena_04', 'arena_05', 'arena_06', 'arena_07', 'arena_08', 'arena_09', 'arena_10', 'arena_11', 'arena_12', 'arena_13', 'arena_14', 'arena_15', 'arena_16', 'arena_17', 'arena_18', 'arena_19', 'arena_20', 'arena_21', 'arena_22', 'arena_23', 'arena_24', 'arena_25', 'arena_26', 'arena_27', 'arena_28', 'arena_29', 'arena_30', 'arena_31']
[INFO] Found game 'ee8d31ea-cd50-4e5a-864d-302c20c316e8' in arena_29
[DL] arena_29/ee8d31ea-cd50-4e5a-864d-302c20c316e8/frames.parquet -> ../hf_subset/arena_29/ee8d31ea-cd50-4e5a-864d-302c20c316e8/frames.parquet
[DONE]
[INFO] Discovered arenas: ['arena_01', 'arena_02', 'arena_03', 'arena_04', 'arena_05', 'arena_06', 'arena_07', 'arena_08', 'arena_09', 'arena_10', 'arena_11', 'arena_12', 'arena_13', 'arena_14', 'arena_15', 'arena_16', 'arena_17', 'arena_18', 'arena_19', 'arena_20', 'arena_21', 'arena_22', 'arena_23', 'arena_24', 'arena_25', 'arena_26', 'arena_27', 'arena_28', 'arena_29', 'arena_30', 'arena_31']
[INFO] Found game 'f1296318-f8bf-42d1-9f5c-6caa657dcb93' in arena_29
[DL] arena_29/f1296318-f8bf-42d1-9f5c-6caa657dcb93/frames.parquet -> ../hf_subset/arena_29/f1296318-f8bf-42d1-9f5c-6caa657dcb93/frames.parquet
[DONE]
[INFO] Discovered arenas: ['arena_01', 'arena_02', 'arena_03', 'arena_04', 'arena_05', 'arena_06', 'arena_07', 'arena_08', 'arena_09', 'arena_10', 'arena_11', 'arena_12', 'arena_13', 'arena_14', 'arena_15', 'arena_16', 'arena_17', 'arena_18', 'arena_19', 'arena_20', 'arena_21', 'arena_22', 'arena_23', 'arena_24', 'arena_25', 'arena_26', 'arena_27', 'arena_28', 'arena_29', 'arena_30', 'arena_31']
[INFO] Found game 'f2133db5-6d8e-414f-b2b5-f82b8261c4af' in arena_29
[DL] arena_29/f2133db5-6d8e-414f-b2b5-f82b8261c4af/frames.parquet -> ../hf_subset/arena_29/f2133db5-6d8e-414f-b2b5-f82b8261c4af/frames.parquet
[DONE]
[INFO] Discovered arenas: ['arena_01', 'arena_02', 'arena_03', 'arena_04', 'arena_05', 'arena_06', 'arena_07', 'arena_08', 'arena_09', 'arena_10', 'arena_11', 'arena_12', 'arena_13', 'arena_14', 'arena_15', 'arena_16', 'arena_17', 'arena_18', 'arena_19', 'arena_20', 'arena_21', 'arena_22', 'arena_23', 'arena_24', 'arena_25', 'arena_26', 'arena_27', 'arena_28', 'arena_29', 'arena_30', 'arena_31']
[INFO] Found game 'f41f3146-f107-4d2f-94ce-df74ff815e79' in arena_29
[DL] arena_29/f41f3146-f107-4d2f-94ce-df74ff815e79/frames.parquet -> ../hf_subset/arena_29/f41f3146-f107-4d2f-94ce-df74ff815e79/frames.parquet
[DONE]
[INFO] Discovered arenas: ['arena_01', 'arena_02', 'arena_03', 'arena_04', 'arena_05', 'arena_06', 'arena_07', 'arena_08', 'arena_09', 'arena_10', 'arena_11', 'arena_12', 'arena_13', 'arena_14', 'arena_15', 'arena_16', 'arena_17', 'arena_18', 'arena_19', 'arena_20', 'arena_21', 'arena_22', 'arena_23', 'arena_24', 'arena_25', 'arena_26', 'arena_27', 'arena_28', 'arena_29', 'arena_30', 'arena_31']
[INFO] Found game 'f6cfae72-5147-4183-8e9b-1425133c2caa' in arena_29
[DL] arena_29/f6cfae72-5147-4183-8e9b-1425133c2caa/frames.parquet -> ../hf_subset/arena_29/f6cfae72-5147-4183-8e9b-1425133c2caa/frames.parquet
[DONE]
[INFO] Discovered arenas: ['arena_01', 'arena_02', 'arena_03', 'arena_04', 'arena_05', 'arena_06', 'arena_07', 'arena_08', 'arena_09', 'arena_10', 'arena_11', 'arena_12', 'arena_13', 'arena_14', 'arena_15', 'arena_16', 'arena_17', 'arena_18', 'arena_19', 'arena_20', 'arena_21', 'arena_22', 'arena_23', 'arena_24', 'arena_25', 'arena_26', 'arena_27', 'arena_28', 'arena_29', 'arena_30', 'arena_31']
[INFO] Found game 'f722c350-e827-4e68-a717-8d9a0cac92d7' in arena_29
[DL] arena_29/f722c350-e827-4e68-a717-8d9a0cac92d7/frames.parquet -> ../hf_subset/arena_29/f722c350-e827-4e68-a717-8d9a0cac92d7/frames.parquet
[DONE]
[INFO] Discovered arenas: ['arena_01', 'arena_02', 'arena_03', 'arena_04', 'arena_05', 'arena_06', 'arena_07', 'arena_08', 'arena_09', 'arena_10', 'arena_11', 'arena_12', 'arena_13', 'arena_14', 'arena_15', 'arena_16', 'arena_17', 'arena_18', 'arena_19', 'arena_20', 'arena_21', 'arena_22', 'arena_23', 'arena_24', 'arena_25', 'arena_26', 'arena_27', 'arena_28', 'arena_29', 'arena_30', 'arena_31']
[INFO] Found game 'f7d161b7-6759-4998-8334-8e20dd8ad534' in arena_29
[DL] arena_29/f7d161b7-6759-4998-8334-8e20dd8ad534/frames.parquet -> ../hf_subset/arena_29/f7d161b7-6759-4998-8334-8e20dd8ad534/frames.parquet
[DONE]
[INFO] Discovered arenas: ['arena_01', 'arena_02', 'arena_03', 'arena_04', 'arena_05', 'arena_06', 'arena_07', 'arena_08', 'arena_09', 'arena_10', 'arena_11', 'arena_12', 'arena_13', 'arena_14', 'arena_15', 'arena_16', 'arena_17', 'arena_18', 'arena_19', 'arena_20', 'arena_21', 'arena_22', 'arena_23', 'arena_24', 'arena_25', 'arena_26', 'arena_27', 'arena_28', 'arena_29', 'arena_30', 'arena_31']
[INFO] Found game 'fe0fa1e8-05b4-46ea-abac-4d523d2f7680' in arena_29
[DL] arena_29/fe0fa1e8-05b4-46ea-abac-4d523d2f7680/frames.parquet -> ../hf_subset/arena_29/fe0fa1e8-05b4-46ea-abac-4d523d2f7680/frames.parquet
[DONE]
[INFO] Discovered arenas: ['arena_01', 'arena_02', 'arena_03', 'arena_04', 'arena_05', 'arena_06', 'arena_07', 'arena_08', 'arena_09', 'arena_10', 'arena_11', 'arena_12', 'arena_13', 'arena_14', 'arena_15', 'arena_16', 'arena_17', 'arena_18', 'arena_19', 'arena_20', 'arena_21', 'arena_22', 'arena_23', 'arena_24', 'arena_25', 'arena_26', 'arena_27', 'arena_28', 'arena_29', 'arena_30', 'arena_31']
[INFO] Found game 'ffdf9bd7-7131-482e-89d6-2b38722d700e' in arena_29
[DL] arena_29/ffdf9bd7-7131-482e-89d6-2b38722d700e/frames.parquet -> ../hf_subset/arena_29/ffdf9bd7-7131-482e-89d6-2b38722d700e/frames.parquet
[DONE]
[INFO] Discovered arenas: ['arena_01', 'arena_02', 'arena_03', 'arena_04', 'arena_05', 'arena_06', 'arena_07', 'arena_08', 'arena_09', 'arena_10', 'arena_11', 'arena_12', 'arena_13', 'arena_14', 'arena_15', 'arena_16', 'arena_17', 'arena_18', 'arena_19', 'arena_20', 'arena_21', 'arena_22', 'arena_23', 'arena_24', 'arena_25', 'arena_26', 'arena_27', 'arena_28', 'arena_29', 'arena_30', 'arena_31']
[INFO] Found game '5eacd6a6-1169-46df-b5e5-4b10798678fb' in arena_31
[SKIP] Exists: ../hf_subset/arena_31/5eacd6a6-1169-46df-b5e5-4b10798678fb/frames.parquet
[DONE]
[INFO] Discovered arenas: ['arena_01', 'arena_02', 'arena_03', 'arena_04', 'arena_05', 'arena_06', 'arena_07', 'arena_08', 'arena_09', 'arena_10', 'arena_11', 'arena_12', 'arena_13', 'arena_14', 'arena_15', 'arena_16', 'arena_17', 'arena_18', 'arena_19', 'arena_20', 'arena_21', 'arena_22', 'arena_23', 'arena_24', 'arena_25', 'arena_26', 'arena_27', 'arena_28', 'arena_29', 'arena_30', 'arena_31']
[INFO] Found game '5fa736d7-4a8b-44c9-badf-a16007dfc119' in arena_31
[SKIP] Exists: ../hf_subset/arena_31/5fa736d7-4a8b-44c9-badf-a16007dfc119/frames.parquet
[DONE]
[INFO] Discovered arenas: ['arena_01', 'arena_02', 'arena_03', 'arena_04', 'arena_05', 'arena_06', 'arena_07', 'arena_08', 'arena_09', 'arena_10', 'arena_11', 'arena_12', 'arena_13', 'arena_14', 'arena_15', 'arena_16', 'arena_17', 'arena_18', 'arena_19', 'arena_20', 'arena_21', 'arena_22', 'arena_23', 'arena_24', 'arena_25', 'arena_26', 'arena_27', 'arena_28', 'arena_29', 'arena_30', 'arena_31']
[INFO] Found game '62517c3e-73b2-4495-81e1-75614c751087' in arena_31
[SKIP] Exists: ../hf_subset/arena_31/62517c3e-73b2-4495-81e1-75614c751087/frames.parquet
[DONE]
[INFO] Discovered arenas: ['arena_01', 'arena_02', 'arena_03', 'arena_04', 'arena_05', 'arena_06', 'arena_07', 'arena_08', 'arena_09', 'arena_10', 'arena_11', 'arena_12', 'arena_13', 'arena_14', 'arena_15', 'arena_16', 'arena_17', 'arena_18', 'arena_19', 'arena_20', 'arena_21', 'arena_22', 'arena_23', 'arena_24', 'arena_25', 'arena_26', 'arena_27', 'arena_28', 'arena_29', 'arena_30', 'arena_31']
[INFO] Found game '626cd35b-0ca1-4caa-86ae-54352956dcd7' in arena_31
[SKIP] Exists: ../hf_subset/arena_31/626cd35b-0ca1-4caa-86ae-54352956dcd7/frames.parquet
[DONE]
[INFO] Discovered arenas: ['arena_01', 'arena_02', 'arena_03', 'arena_04', 'arena_05', 'arena_06', 'arena_07', 'arena_08', 'arena_09', 'arena_10', 'arena_11', 'arena_12', 'arena_13', 'arena_14', 'arena_15', 'arena_16', 'arena_17', 'arena_18', 'arena_19', 'arena_20', 'arena_21', 'arena_22', 'arena_23', 'arena_24', 'arena_25', 'arena_26', 'arena_27', 'arena_28', 'arena_29', 'arena_30', 'arena_31']
[INFO] Found game '6280c70f-f507-4e78-85ba-b46362a9ad62' in arena_31
[SKIP] Exists: ../hf_subset/arena_31/6280c70f-f507-4e78-85ba-b46362a9ad62/frames.parquet
[DONE]
[INFO] Discovered arenas: ['arena_01', 'arena_02', 'arena_03', 'arena_04', 'arena_05', 'arena_06', 'arena_07', 'arena_08', 'arena_09', 'arena_10', 'arena_11', 'arena_12', 'arena_13', 'arena_14', 'arena_15', 'arena_16', 'arena_17', 'arena_18', 'arena_19', 'arena_20', 'arena_21', 'arena_22', 'arena_23', 'arena_24', 'arena_25', 'arena_26', 'arena_27', 'arena_28', 'arena_29', 'arena_30', 'arena_31']
[INFO] Found game '65013571-ab2b-4c09-ba8d-55f72f4a82a4' in arena_31
[SKIP] Exists: ../hf_subset/arena_31/65013571-ab2b-4c09-ba8d-55f72f4a82a4/frames.parquet
[DONE]
[INFO] Discovered arenas: ['arena_01', 'arena_02', 'arena_03', 'arena_04', 'arena_05', 'arena_06', 'arena_07', 'arena_08', 'arena_09', 'arena_10', 'arena_11', 'arena_12', 'arena_13', 'arena_14', 'arena_15', 'arena_16', 'arena_17', 'arena_18', 'arena_19', 'arena_20', 'arena_21', 'arena_22', 'arena_23', 'arena_24', 'arena_25', 'arena_26', 'arena_27', 'arena_28', 'arena_29', 'arena_30', 'arena_31']
[INFO] Found game '673b5782-6e5e-4c00-a924-2f83a3aaf9ad' in arena_31
[SKIP] Exists: ../hf_subset/arena_31/673b5782-6e5e-4c00-a924-2f83a3aaf9ad/frames.parquet
[DONE]
[INFO] Discovered arenas: ['arena_01', 'arena_02', 'arena_03', 'arena_04', 'arena_05', 'arena_06', 'arena_07', 'arena_08', 'arena_09', 'arena_10', 'arena_11', 'arena_12', 'arena_13', 'arena_14', 'arena_15', 'arena_16', 'arena_17', 'arena_18', 'arena_19', 'arena_20', 'arena_21', 'arena_22', 'arena_23', 'arena_24', 'arena_25', 'arena_26', 'arena_27', 'arena_28', 'arena_29', 'arena_30', 'arena_31']
[INFO] Found game '67570150-e028-44c3-89a8-1f8339b69764' in arena_31
[SKIP] Exists: ../hf_subset/arena_31/67570150-e028-44c3-89a8-1f8339b69764/frames.parquet
[DONE]
[INFO] Discovered arenas: ['arena_01', 'arena_02', 'arena_03', 'arena_04', 'arena_05', 'arena_06', 'arena_07', 'arena_08', 'arena_09', 'arena_10', 'arena_11', 'arena_12', 'arena_13', 'arena_14', 'arena_15', 'arena_16', 'arena_17', 'arena_18', 'arena_19', 'arena_20', 'arena_21', 'arena_22', 'arena_23', 'arena_24', 'arena_25', 'arena_26', 'arena_27', 'arena_28', 'arena_29', 'arena_30', 'arena_31']
[INFO] Found game '6762ff7a-193f-405e-b503-28b33de25a16' in arena_31
[SKIP] Exists: ../hf_subset/arena_31/6762ff7a-193f-405e-b503-28b33de25a16/frames.parquet
[DONE]
[INFO] Discovered arenas: ['arena_01', 'arena_02', 'arena_03', 'arena_04', 'arena_05', 'arena_06', 'arena_07', 'arena_08', 'arena_09', 'arena_10', 'arena_11', 'arena_12', 'arena_13', 'arena_14', 'arena_15', 'arena_16', 'arena_17', 'arena_18', 'arena_19', 'arena_20', 'arena_21', 'arena_22', 'arena_23', 'arena_24', 'arena_25', 'arena_26', 'arena_27', 'arena_28', 'arena_29', 'arena_30', 'arena_31']
[INFO] Found game '6939743b-c09c-49cd-bcc0-2039cd882968' in arena_31
[SKIP] Exists: ../hf_subset/arena_31/6939743b-c09c-49cd-bcc0-2039cd882968/frames.parquet
[DONE]
[INFO] Discovered arenas: ['arena_01', 'arena_02', 'arena_03', 'arena_04', 'arena_05', 'arena_06', 'arena_07', 'arena_08', 'arena_09', 'arena_10', 'arena_11', 'arena_12', 'arena_13', 'arena_14', 'arena_15', 'arena_16', 'arena_17', 'arena_18', 'arena_19', 'arena_20', 'arena_21', 'arena_22', 'arena_23', 'arena_24', 'arena_25', 'arena_26', 'arena_27', 'arena_28', 'arena_29', 'arena_30', 'arena_31']
[INFO] Found game '6a732d40-dea6-42fe-b59f-cdfc09a2c4ad' in arena_31
[SKIP] Exists: ../hf_subset/arena_31/6a732d40-dea6-42fe-b59f-cdfc09a2c4ad/frames.parquet
[DONE]
[INFO] Discovered arenas: ['arena_01', 'arena_02', 'arena_03', 'arena_04', 'arena_05', 'arena_06', 'arena_07', 'arena_08', 'arena_09', 'arena_10', 'arena_11', 'arena_12', 'arena_13', 'arena_14', 'arena_15', 'arena_16', 'arena_17', 'arena_18', 'arena_19', 'arena_20', 'arena_21', 'arena_22', 'arena_23', 'arena_24', 'arena_25', 'arena_26', 'arena_27', 'arena_28', 'arena_29', 'arena_30', 'arena_31']
[INFO] Found game '6c9748d8-d4e6-434d-bb0e-492a88cdb8d2' in arena_31
[SKIP] Exists: ../hf_subset/arena_31/6c9748d8-d4e6-434d-bb0e-492a88cdb8d2/frames.parquet
[DONE]
[INFO] Discovered arenas: ['arena_01', 'arena_02', 'arena_03', 'arena_04', 'arena_05', 'arena_06', 'arena_07', 'arena_08', 'arena_09', 'arena_10', 'arena_11', 'arena_12', 'arena_13', 'arena_14', 'arena_15', 'arena_16', 'arena_17', 'arena_18', 'arena_19', 'arena_20', 'arena_21', 'arena_22', 'arena_23', 'arena_24', 'arena_25', 'arena_26', 'arena_27', 'arena_28', 'arena_29', 'arena_30', 'arena_31']
[INFO] Found game '6d845018-a3c9-4517-a07f-510abdb96808' in arena_31
[SKIP] Exists: ../hf_subset/arena_31/6d845018-a3c9-4517-a07f-510abdb96808/frames.parquet
[DONE]
[INFO] Discovered arenas: ['arena_01', 'arena_02', 'arena_03', 'arena_04', 'arena_05', 'arena_06', 'arena_07', 'arena_08', 'arena_09', 'arena_10', 'arena_11', 'arena_12', 'arena_13', 'arena_14', 'arena_15', 'arena_16', 'arena_17', 'arena_18', 'arena_19', 'arena_20', 'arena_21', 'arena_22', 'arena_23', 'arena_24', 'arena_25', 'arena_26', 'arena_27', 'arena_28', 'arena_29', 'arena_30', 'arena_31']
[INFO] Found game '6f4722f5-16b5-4f9a-a9b1-4b6401ba795e' in arena_31
[SKIP] Exists: ../hf_subset/arena_31/6f4722f5-16b5-4f9a-a9b1-4b6401ba795e/frames.parquet
[DONE]
[INFO] Discovered arenas: ['arena_01', 'arena_02', 'arena_03', 'arena_04', 'arena_05', 'arena_06', 'arena_07', 'arena_08', 'arena_09', 'arena_10', 'arena_11', 'arena_12', 'arena_13', 'arena_14', 'arena_15', 'arena_16', 'arena_17', 'arena_18', 'arena_19', 'arena_20', 'arena_21', 'arena_22', 'arena_23', 'arena_24', 'arena_25', 'arena_26', 'arena_27', 'arena_28', 'arena_29', 'arena_30', 'arena_31']
[INFO] Found game '720433f3-96ac-43c3-af45-c8d8d0bf67d9' in arena_31
[SKIP] Exists: ../hf_subset/arena_31/720433f3-96ac-43c3-af45-c8d8d0bf67d9/frames.parquet
[DONE]
[INFO] Discovered arenas: ['arena_01', 'arena_02', 'arena_03', 'arena_04', 'arena_05', 'arena_06', 'arena_07', 'arena_08', 'arena_09', 'arena_10', 'arena_11', 'arena_12', 'arena_13', 'arena_14', 'arena_15', 'arena_16', 'arena_17', 'arena_18', 'arena_19', 'arena_20', 'arena_21', 'arena_22', 'arena_23', 'arena_24', 'arena_25', 'arena_26', 'arena_27', 'arena_28', 'arena_29', 'arena_30', 'arena_31']
[INFO] Found game '72aff280-c884-46b4-802a-569800a7e3ae' in arena_31
[SKIP] Exists: ../hf_subset/arena_31/72aff280-c884-46b4-802a-569800a7e3ae/frames.parquet
[DONE]
[INFO] Discovered arenas: ['arena_01', 'arena_02', 'arena_03', 'arena_04', 'arena_05', 'arena_06', 'arena_07', 'arena_08', 'arena_09', 'arena_10', 'arena_11', 'arena_12', 'arena_13', 'arena_14', 'arena_15', 'arena_16', 'arena_17', 'arena_18', 'arena_19', 'arena_20', 'arena_21', 'arena_22', 'arena_23', 'arena_24', 'arena_25', 'arena_26', 'arena_27', 'arena_28', 'arena_29', 'arena_30', 'arena_31']
[INFO] Found game '77ee2619-b0a8-4190-8d70-56bda84188e8' in arena_31
[SKIP] Exists: ../hf_subset/arena_31/77ee2619-b0a8-4190-8d70-56bda84188e8/frames.parquet
[DONE]
[INFO] Discovered arenas: ['arena_01', 'arena_02', 'arena_03', 'arena_04', 'arena_05', 'arena_06', 'arena_07', 'arena_08', 'arena_09', 'arena_10', 'arena_11', 'arena_12', 'arena_13', 'arena_14', 'arena_15', 'arena_16', 'arena_17', 'arena_18', 'arena_19', 'arena_20', 'arena_21', 'arena_22', 'arena_23', 'arena_24', 'arena_25', 'arena_26', 'arena_27', 'arena_28', 'arena_29', 'arena_30', 'arena_31']
[INFO] Found game '7877d760-8061-422f-a7c9-cdef907874d1' in arena_31
[SKIP] Exists: ../hf_subset/arena_31/7877d760-8061-422f-a7c9-cdef907874d1/frames.parquet
[DONE]
[INFO] Discovered arenas: ['arena_01', 'arena_02', 'arena_03', 'arena_04', 'arena_05', 'arena_06', 'arena_07', 'arena_08', 'arena_09', 'arena_10', 'arena_11', 'arena_12', 'arena_13', 'arena_14', 'arena_15', 'arena_16', 'arena_17', 'arena_18', 'arena_19', 'arena_20', 'arena_21', 'arena_22', 'arena_23', 'arena_24', 'arena_25', 'arena_26', 'arena_27', 'arena_28', 'arena_29', 'arena_30', 'arena_31']
[INFO] Found game '7be9a3d1-a122-485a-b609-d8351257c707' in arena_31
[SKIP] Exists: ../hf_subset/arena_31/7be9a3d1-a122-485a-b609-d8351257c707/frames.parquet
[DONE]
[INFO] Discovered arenas: ['arena_01', 'arena_02', 'arena_03', 'arena_04', 'arena_05', 'arena_06', 'arena_07', 'arena_08', 'arena_09', 'arena_10', 'arena_11', 'arena_12', 'arena_13', 'arena_14', 'arena_15', 'arena_16', 'arena_17', 'arena_18', 'arena_19', 'arena_20', 'arena_21', 'arena_22', 'arena_23', 'arena_24', 'arena_25', 'arena_26', 'arena_27', 'arena_28', 'arena_29', 'arena_30', 'arena_31']
[INFO] Found game '81a0d6a0-96e8-4757-9571-4fd3352c8658' in arena_31
[SKIP] Exists: ../hf_subset/arena_31/81a0d6a0-96e8-4757-9571-4fd3352c8658/frames.parquet
[DONE]
[INFO] Discovered arenas: ['arena_01', 'arena_02', 'arena_03', 'arena_04', 'arena_05', 'arena_06', 'arena_07', 'arena_08', 'arena_09', 'arena_10', 'arena_11', 'arena_12', 'arena_13', 'arena_14', 'arena_15', 'arena_16', 'arena_17', 'arena_18', 'arena_19', 'arena_20', 'arena_21', 'arena_22', 'arena_23', 'arena_24', 'arena_25', 'arena_26', 'arena_27', 'arena_28', 'arena_29', 'arena_30', 'arena_31']
[INFO] Found game '82156e69-7426-4ffa-b000-a653aff660a1' in arena_31
[SKIP] Exists: ../hf_subset/arena_31/82156e69-7426-4ffa-b000-a653aff660a1/frames.parquet
[DONE]
[INFO] Discovered arenas: ['arena_01', 'arena_02', 'arena_03', 'arena_04', 'arena_05', 'arena_06', 'arena_07', 'arena_08', 'arena_09', 'arena_10', 'arena_11', 'arena_12', 'arena_13', 'arena_14', 'arena_15', 'arena_16', 'arena_17', 'arena_18', 'arena_19', 'arena_20', 'arena_21', 'arena_22', 'arena_23', 'arena_24', 'arena_25', 'arena_26', 'arena_27', 'arena_28', 'arena_29', 'arena_30', 'arena_31']
[INFO] Found game '821c0723-14ca-4ecb-8a0c-a09b3f0adf41' in arena_31
[SKIP] Exists: ../hf_subset/arena_31/821c0723-14ca-4ecb-8a0c-a09b3f0adf41/frames.parquet
[DONE]
[INFO] Discovered arenas: ['arena_01', 'arena_02', 'arena_03', 'arena_04', 'arena_05', 'arena_06', 'arena_07', 'arena_08', 'arena_09', 'arena_10', 'arena_11', 'arena_12', 'arena_13', 'arena_14', 'arena_15', 'arena_16', 'arena_17', 'arena_18', 'arena_19', 'arena_20', 'arena_21', 'arena_22', 'arena_23', 'arena_24', 'arena_25', 'arena_26', 'arena_27', 'arena_28', 'arena_29', 'arena_30', 'arena_31']
[INFO] Found game '841ad868-e370-46db-a9a9-f4ddde55fead' in arena_31
[SKIP] Exists: ../hf_subset/arena_31/841ad868-e370-46db-a9a9-f4ddde55fead/frames.parquet
[DONE]
[INFO] Discovered arenas: ['arena_01', 'arena_02', 'arena_03', 'arena_04', 'arena_05', 'arena_06', 'arena_07', 'arena_08', 'arena_09', 'arena_10', 'arena_11', 'arena_12', 'arena_13', 'arena_14', 'arena_15', 'arena_16', 'arena_17', 'arena_18', 'arena_19', 'arena_20', 'arena_21', 'arena_22', 'arena_23', 'arena_24', 'arena_25', 'arena_26', 'arena_27', 'arena_28', 'arena_29', 'arena_30', 'arena_31']
[INFO] Found game '87171285-1f4f-4b70-abf6-d53729f8c82a' in arena_31
[SKIP] Exists: ../hf_subset/arena_31/87171285-1f4f-4b70-abf6-d53729f8c82a/frames.parquet
[DONE]
[INFO] Discovered arenas: ['arena_01', 'arena_02', 'arena_03', 'arena_04', 'arena_05', 'arena_06', 'arena_07', 'arena_08', 'arena_09', 'arena_10', 'arena_11', 'arena_12', 'arena_13', 'arena_14', 'arena_15', 'arena_16', 'arena_17', 'arena_18', 'arena_19', 'arena_20', 'arena_21', 'arena_22', 'arena_23', 'arena_24', 'arena_25', 'arena_26', 'arena_27', 'arena_28', 'arena_29', 'arena_30', 'arena_31']
[INFO] Found game '8bbbb71b-45e1-4b25-bd15-622eb265af55' in arena_31
[SKIP] Exists: ../hf_subset/arena_31/8bbbb71b-45e1-4b25-bd15-622eb265af55/frames.parquet
[DONE]
[INFO] Discovered arenas: ['arena_01', 'arena_02', 'arena_03', 'arena_04', 'arena_05', 'arena_06', 'arena_07', 'arena_08', 'arena_09', 'arena_10', 'arena_11', 'arena_12', 'arena_13', 'arena_14', 'arena_15', 'arena_16', 'arena_17', 'arena_18', 'arena_19', 'arena_20', 'arena_21', 'arena_22', 'arena_23', 'arena_24', 'arena_25', 'arena_26', 'arena_27', 'arena_28', 'arena_29', 'arena_30', 'arena_31']
[INFO] Found game '8c273970-e5a0-40da-b771-9092ba39e701' in arena_31
[SKIP] Exists: ../hf_subset/arena_31/8c273970-e5a0-40da-b771-9092ba39e701/frames.parquet
[DONE]
[INFO] Discovered arenas: ['arena_01', 'arena_02', 'arena_03', 'arena_04', 'arena_05', 'arena_06', 'arena_07', 'arena_08', 'arena_09', 'arena_10', 'arena_11', 'arena_12', 'arena_13', 'arena_14', 'arena_15', 'arena_16', 'arena_17', 'arena_18', 'arena_19', 'arena_20', 'arena_21', 'arena_22', 'arena_23', 'arena_24', 'arena_25', 'arena_26', 'arena_27', 'arena_28', 'arena_29', 'arena_30', 'arena_31']
[INFO] Found game '90eab766-bafd-4a64-9c75-bc857f50945c' in arena_31
[SKIP] Exists: ../hf_subset/arena_31/90eab766-bafd-4a64-9c75-bc857f50945c/frames.parquet
[DONE]
[INFO] Discovered arenas: ['arena_01', 'arena_02', 'arena_03', 'arena_04', 'arena_05', 'arena_06', 'arena_07', 'arena_08', 'arena_09', 'arena_10', 'arena_11', 'arena_12', 'arena_13', 'arena_14', 'arena_15', 'arena_16', 'arena_17', 'arena_18', 'arena_19', 'arena_20', 'arena_21', 'arena_22', 'arena_23', 'arena_24', 'arena_25', 'arena_26', 'arena_27', 'arena_28', 'arena_29', 'arena_30', 'arena_31']
[INFO] Found game '940dad84-5d8b-4163-a9b5-203f20d57859' in arena_31
[SKIP] Exists: ../hf_subset/arena_31/940dad84-5d8b-4163-a9b5-203f20d57859/frames.parquet
[DONE]
[INFO] Discovered arenas: ['arena_01', 'arena_02', 'arena_03', 'arena_04', 'arena_05', 'arena_06', 'arena_07', 'arena_08', 'arena_09', 'arena_10', 'arena_11', 'arena_12', 'arena_13', 'arena_14', 'arena_15', 'arena_16', 'arena_17', 'arena_18', 'arena_19', 'arena_20', 'arena_21', 'arena_22', 'arena_23', 'arena_24', 'arena_25', 'arena_26', 'arena_27', 'arena_28', 'arena_29', 'arena_30', 'arena_31']
[INFO] Found game '9b6aecc2-ccf0-47a5-8d11-2bc3cb4cf115' in arena_31
[SKIP] Exists: ../hf_subset/arena_31/9b6aecc2-ccf0-47a5-8d11-2bc3cb4cf115/frames.parquet
[DONE]
[INFO] Discovered arenas: ['arena_01', 'arena_02', 'arena_03', 'arena_04', 'arena_05', 'arena_06', 'arena_07', 'arena_08', 'arena_09', 'arena_10', 'arena_11', 'arena_12', 'arena_13', 'arena_14', 'arena_15', 'arena_16', 'arena_17', 'arena_18', 'arena_19', 'arena_20', 'arena_21', 'arena_22', 'arena_23', 'arena_24', 'arena_25', 'arena_26', 'arena_27', 'arena_28', 'arena_29', 'arena_30', 'arena_31']
[INFO] Found game '9c44ce10-9c78-4523-a704-70b088323bd7' in arena_31
[SKIP] Exists: ../hf_subset/arena_31/9c44ce10-9c78-4523-a704-70b088323bd7/frames.parquet
[DONE]
[INFO] Discovered arenas: ['arena_01', 'arena_02', 'arena_03', 'arena_04', 'arena_05', 'arena_06', 'arena_07', 'arena_08', 'arena_09', 'arena_10', 'arena_11', 'arena_12', 'arena_13', 'arena_14', 'arena_15', 'arena_16', 'arena_17', 'arena_18', 'arena_19', 'arena_20', 'arena_21', 'arena_22', 'arena_23', 'arena_24', 'arena_25', 'arena_26', 'arena_27', 'arena_28', 'arena_29', 'arena_30', 'arena_31']
[INFO] Found game 'a2b24bec-aa7c-4d69-9c74-f203a270095e' in arena_31
[SKIP] Exists: ../hf_subset/arena_31/a2b24bec-aa7c-4d69-9c74-f203a270095e/frames.parquet
[DONE]
[INFO] Discovered arenas: ['arena_01', 'arena_02', 'arena_03', 'arena_04', 'arena_05', 'arena_06', 'arena_07', 'arena_08', 'arena_09', 'arena_10', 'arena_11', 'arena_12', 'arena_13', 'arena_14', 'arena_15', 'arena_16', 'arena_17', 'arena_18', 'arena_19', 'arena_20', 'arena_21', 'arena_22', 'arena_23', 'arena_24', 'arena_25', 'arena_26', 'arena_27', 'arena_28', 'arena_29', 'arena_30', 'arena_31']
[INFO] Found game 'a2dc00c0-1f6c-4e82-9c96-8bf91ff2b0c0' in arena_31
[SKIP] Exists: ../hf_subset/arena_31/a2dc00c0-1f6c-4e82-9c96-8bf91ff2b0c0/frames.parquet
[DONE]
[INFO] Discovered arenas: ['arena_01', 'arena_02', 'arena_03', 'arena_04', 'arena_05', 'arena_06', 'arena_07', 'arena_08', 'arena_09', 'arena_10', 'arena_11', 'arena_12', 'arena_13', 'arena_14', 'arena_15', 'arena_16', 'arena_17', 'arena_18', 'arena_19', 'arena_20', 'arena_21', 'arena_22', 'arena_23', 'arena_24', 'arena_25', 'arena_26', 'arena_27', 'arena_28', 'arena_29', 'arena_30', 'arena_31']
[INFO] Found game 'a6d24c78-0aa1-4694-afb5-cca431ef69be' in arena_31
[SKIP] Exists: ../hf_subset/arena_31/a6d24c78-0aa1-4694-afb5-cca431ef69be/frames.parquet
[DONE]
[INFO] Discovered arenas: ['arena_01', 'arena_02', 'arena_03', 'arena_04', 'arena_05', 'arena_06', 'arena_07', 'arena_08', 'arena_09', 'arena_10', 'arena_11', 'arena_12', 'arena_13', 'arena_14', 'arena_15', 'arena_16', 'arena_17', 'arena_18', 'arena_19', 'arena_20', 'arena_21', 'arena_22', 'arena_23', 'arena_24', 'arena_25', 'arena_26', 'arena_27', 'arena_28', 'arena_29', 'arena_30', 'arena_31']
[INFO] Found game 'a7380474-b719-4162-9e9d-3738f4fef10e' in arena_31
[SKIP] Exists: ../hf_subset/arena_31/a7380474-b719-4162-9e9d-3738f4fef10e/frames.parquet
[DONE]
[INFO] Discovered arenas: ['arena_01', 'arena_02', 'arena_03', 'arena_04', 'arena_05', 'arena_06', 'arena_07', 'arena_08', 'arena_09', 'arena_10', 'arena_11', 'arena_12', 'arena_13', 'arena_14', 'arena_15', 'arena_16', 'arena_17', 'arena_18', 'arena_19', 'arena_20', 'arena_21', 'arena_22', 'arena_23', 'arena_24', 'arena_25', 'arena_26', 'arena_27', 'arena_28', 'arena_29', 'arena_30', 'arena_31']
[INFO] Found game 'a8609fe0-d38c-4616-b542-a3e75d6b42e8' in arena_31
[SKIP] Exists: ../hf_subset/arena_31/a8609fe0-d38c-4616-b542-a3e75d6b42e8/frames.parquet
[DONE]
[INFO] Discovered arenas: ['arena_01', 'arena_02', 'arena_03', 'arena_04', 'arena_05', 'arena_06', 'arena_07', 'arena_08', 'arena_09', 'arena_10', 'arena_11', 'arena_12', 'arena_13', 'arena_14', 'arena_15', 'arena_16', 'arena_17', 'arena_18', 'arena_19', 'arena_20', 'arena_21', 'arena_22', 'arena_23', 'arena_24', 'arena_25', 'arena_26', 'arena_27', 'arena_28', 'arena_29', 'arena_30', 'arena_31']
[INFO] Found game 'a9bf6878-f04b-42a0-b2be-40e212e5a636' in arena_31
[SKIP] Exists: ../hf_subset/arena_31/a9bf6878-f04b-42a0-b2be-40e212e5a636/frames.parquet
[DONE]
[INFO] Discovered arenas: ['arena_01', 'arena_02', 'arena_03', 'arena_04', 'arena_05', 'arena_06', 'arena_07', 'arena_08', 'arena_09', 'arena_10', 'arena_11', 'arena_12', 'arena_13', 'arena_14', 'arena_15', 'arena_16', 'arena_17', 'arena_18', 'arena_19', 'arena_20', 'arena_21', 'arena_22', 'arena_23', 'arena_24', 'arena_25', 'arena_26', 'arena_27', 'arena_28', 'arena_29', 'arena_30', 'arena_31']
[INFO] Found game 'ad8962ee-bb7e-4641-9262-9e24054f48f1' in arena_31
[SKIP] Exists: ../hf_subset/arena_31/ad8962ee-bb7e-4641-9262-9e24054f48f1/frames.parquet
[DONE]
[INFO] Discovered arenas: ['arena_01', 'arena_02', 'arena_03', 'arena_04', 'arena_05', 'arena_06', 'arena_07', 'arena_08', 'arena_09', 'arena_10', 'arena_11', 'arena_12', 'arena_13', 'arena_14', 'arena_15', 'arena_16', 'arena_17', 'arena_18', 'arena_19', 'arena_20', 'arena_21', 'arena_22', 'arena_23', 'arena_24', 'arena_25', 'arena_26', 'arena_27', 'arena_28', 'arena_29', 'arena_30', 'arena_31']
[INFO] Found game 'add12453-aeb4-4887-a260-6e64dcca3184' in arena_31
[SKIP] Exists: ../hf_subset/arena_31/add12453-aeb4-4887-a260-6e64dcca3184/frames.parquet
[DONE]
[INFO] Discovered arenas: ['arena_01', 'arena_02', 'arena_03', 'arena_04', 'arena_05', 'arena_06', 'arena_07', 'arena_08', 'arena_09', 'arena_10', 'arena_11', 'arena_12', 'arena_13', 'arena_14', 'arena_15', 'arena_16', 'arena_17', 'arena_18', 'arena_19', 'arena_20', 'arena_21', 'arena_22', 'arena_23', 'arena_24', 'arena_25', 'arena_26', 'arena_27', 'arena_28', 'arena_29', 'arena_30', 'arena_31']
[INFO] Found game 'afcf990b-1d2f-4224-9ee3-a3b533e3b61c' in arena_31
[SKIP] Exists: ../hf_subset/arena_31/afcf990b-1d2f-4224-9ee3-a3b533e3b61c/frames.parquet
[DONE]
[INFO] Discovered arenas: ['arena_01', 'arena_02', 'arena_03', 'arena_04', 'arena_05', 'arena_06', 'arena_07', 'arena_08', 'arena_09', 'arena_10', 'arena_11', 'arena_12', 'arena_13', 'arena_14', 'arena_15', 'arena_16', 'arena_17', 'arena_18', 'arena_19', 'arena_20', 'arena_21', 'arena_22', 'arena_23', 'arena_24', 'arena_25', 'arena_26', 'arena_27', 'arena_28', 'arena_29', 'arena_30', 'arena_31']
[INFO] Found game 'b1344f9c-a68b-4565-9993-f33fc30ce138' in arena_31
[SKIP] Exists: ../hf_subset/arena_31/b1344f9c-a68b-4565-9993-f33fc30ce138/frames.parquet
[DONE]
[INFO] Discovered arenas: ['arena_01', 'arena_02', 'arena_03', 'arena_04', 'arena_05', 'arena_06', 'arena_07', 'arena_08', 'arena_09', 'arena_10', 'arena_11', 'arena_12', 'arena_13', 'arena_14', 'arena_15', 'arena_16', 'arena_17', 'arena_18', 'arena_19', 'arena_20', 'arena_21', 'arena_22', 'arena_23', 'arena_24', 'arena_25', 'arena_26', 'arena_27', 'arena_28', 'arena_29', 'arena_30', 'arena_31']
[INFO] Found game 'b20373c3-af76-4de4-babd-32d95803c021' in arena_31
[SKIP] Exists: ../hf_subset/arena_31/b20373c3-af76-4de4-babd-32d95803c021/frames.parquet
[DONE]
[INFO] Discovered arenas: ['arena_01', 'arena_02', 'arena_03', 'arena_04', 'arena_05', 'arena_06', 'arena_07', 'arena_08', 'arena_09', 'arena_10', 'arena_11', 'arena_12', 'arena_13', 'arena_14', 'arena_15', 'arena_16', 'arena_17', 'arena_18', 'arena_19', 'arena_20', 'arena_21', 'arena_22', 'arena_23', 'arena_24', 'arena_25', 'arena_26', 'arena_27', 'arena_28', 'arena_29', 'arena_30', 'arena_31']
[INFO] Found game 'b5fe3efe-f32e-40d3-ab2b-e8d64dd2c122' in arena_31
[SKIP] Exists: ../hf_subset/arena_31/b5fe3efe-f32e-40d3-ab2b-e8d64dd2c122/frames.parquet
[DONE]
[INFO] Discovered arenas: ['arena_01', 'arena_02', 'arena_03', 'arena_04', 'arena_05', 'arena_06', 'arena_07', 'arena_08', 'arena_09', 'arena_10', 'arena_11', 'arena_12', 'arena_13', 'arena_14', 'arena_15', 'arena_16', 'arena_17', 'arena_18', 'arena_19', 'arena_20', 'arena_21', 'arena_22', 'arena_23', 'arena_24', 'arena_25', 'arena_26', 'arena_27', 'arena_28', 'arena_29', 'arena_30', 'arena_31']
[INFO] Found game 'b6ee8231-33d8-46ad-bd8b-d1c6c903274b' in arena_31
[SKIP] Exists: ../hf_subset/arena_31/b6ee8231-33d8-46ad-bd8b-d1c6c903274b/frames.parquet
[DONE]
[INFO] Discovered arenas: ['arena_01', 'arena_02', 'arena_03', 'arena_04', 'arena_05', 'arena_06', 'arena_07', 'arena_08', 'arena_09', 'arena_10', 'arena_11', 'arena_12', 'arena_13', 'arena_14', 'arena_15', 'arena_16', 'arena_17', 'arena_18', 'arena_19', 'arena_20', 'arena_21', 'arena_22', 'arena_23', 'arena_24', 'arena_25', 'arena_26', 'arena_27', 'arena_28', 'arena_29', 'arena_30', 'arena_31']
[INFO] Found game 'b8b94333-e6e4-4841-9a0e-147570c82f5f' in arena_31
[SKIP] Exists: ../hf_subset/arena_31/b8b94333-e6e4-4841-9a0e-147570c82f5f/frames.parquet
[DONE]
[INFO] Discovered arenas: ['arena_01', 'arena_02', 'arena_03', 'arena_04', 'arena_05', 'arena_06', 'arena_07', 'arena_08', 'arena_09', 'arena_10', 'arena_11', 'arena_12', 'arena_13', 'arena_14', 'arena_15', 'arena_16', 'arena_17', 'arena_18', 'arena_19', 'arena_20', 'arena_21', 'arena_22', 'arena_23', 'arena_24', 'arena_25', 'arena_26', 'arena_27', 'arena_28', 'arena_29', 'arena_30', 'arena_31']
[INFO] Found game 'bad30e18-9722-42c7-9c2f-4e05ba66996a' in arena_31
[SKIP] Exists: ../hf_subset/arena_31/bad30e18-9722-42c7-9c2f-4e05ba66996a/frames.parquet
[DONE]
[INFO] Discovered arenas: ['arena_01', 'arena_02', 'arena_03', 'arena_04', 'arena_05', 'arena_06', 'arena_07', 'arena_08', 'arena_09', 'arena_10', 'arena_11', 'arena_12', 'arena_13', 'arena_14', 'arena_15', 'arena_16', 'arena_17', 'arena_18', 'arena_19', 'arena_20', 'arena_21', 'arena_22', 'arena_23', 'arena_24', 'arena_25', 'arena_26', 'arena_27', 'arena_28', 'arena_29', 'arena_30', 'arena_31']
[INFO] Found game 'bae91082-a47c-485f-992c-681cbb94b138' in arena_31
[SKIP] Exists: ../hf_subset/arena_31/bae91082-a47c-485f-992c-681cbb94b138/frames.parquet
[DONE]
[INFO] Discovered arenas: ['arena_01', 'arena_02', 'arena_03', 'arena_04', 'arena_05', 'arena_06', 'arena_07', 'arena_08', 'arena_09', 'arena_10', 'arena_11', 'arena_12', 'arena_13', 'arena_14', 'arena_15', 'arena_16', 'arena_17', 'arena_18', 'arena_19', 'arena_20', 'arena_21', 'arena_22', 'arena_23', 'arena_24', 'arena_25', 'arena_26', 'arena_27', 'arena_28', 'arena_29', 'arena_30', 'arena_31']
[INFO] Found game 'bb12072b-052a-40e5-bdf6-52111d68a218' in arena_31
[SKIP] Exists: ../hf_subset/arena_31/bb12072b-052a-40e5-bdf6-52111d68a218/frames.parquet
[DONE]
[INFO] Discovered arenas: ['arena_01', 'arena_02', 'arena_03', 'arena_04', 'arena_05', 'arena_06', 'arena_07', 'arena_08', 'arena_09', 'arena_10', 'arena_11', 'arena_12', 'arena_13', 'arena_14', 'arena_15', 'arena_16', 'arena_17', 'arena_18', 'arena_19', 'arena_20', 'arena_21', 'arena_22', 'arena_23', 'arena_24', 'arena_25', 'arena_26', 'arena_27', 'arena_28', 'arena_29', 'arena_30', 'arena_31']
[INFO] Found game 'c1c373bc-9f1f-4b28-a77b-50cb3c0f785b' in arena_31
[SKIP] Exists: ../hf_subset/arena_31/c1c373bc-9f1f-4b28-a77b-50cb3c0f785b/frames.parquet
[DONE]
[INFO] Discovered arenas: ['arena_01', 'arena_02', 'arena_03', 'arena_04', 'arena_05', 'arena_06', 'arena_07', 'arena_08', 'arena_09', 'arena_10', 'arena_11', 'arena_12', 'arena_13', 'arena_14', 'arena_15', 'arena_16', 'arena_17', 'arena_18', 'arena_19', 'arena_20', 'arena_21', 'arena_22', 'arena_23', 'arena_24', 'arena_25', 'arena_26', 'arena_27', 'arena_28', 'arena_29', 'arena_30', 'arena_31']
[INFO] Found game 'c1c7d8cb-b001-4ed3-b182-f15cfb1f56ff' in arena_31
[SKIP] Exists: ../hf_subset/arena_31/c1c7d8cb-b001-4ed3-b182-f15cfb1f56ff/frames.parquet
[DONE]
[INFO] Discovered arenas: ['arena_01', 'arena_02', 'arena_03', 'arena_04', 'arena_05', 'arena_06', 'arena_07', 'arena_08', 'arena_09', 'arena_10', 'arena_11', 'arena_12', 'arena_13', 'arena_14', 'arena_15', 'arena_16', 'arena_17', 'arena_18', 'arena_19', 'arena_20', 'arena_21', 'arena_22', 'arena_23', 'arena_24', 'arena_25', 'arena_26', 'arena_27', 'arena_28', 'arena_29', 'arena_30', 'arena_31']
[INFO] Found game 'c210b2a2-e84f-4053-b978-c494d52b21d7' in arena_31
[SKIP] Exists: ../hf_subset/arena_31/c210b2a2-e84f-4053-b978-c494d52b21d7/frames.parquet
[DONE]
[INFO] Discovered arenas: ['arena_01', 'arena_02', 'arena_03', 'arena_04', 'arena_05', 'arena_06', 'arena_07', 'arena_08', 'arena_09', 'arena_10', 'arena_11', 'arena_12', 'arena_13', 'arena_14', 'arena_15', 'arena_16', 'arena_17', 'arena_18', 'arena_19', 'arena_20', 'arena_21', 'arena_22', 'arena_23', 'arena_24', 'arena_25', 'arena_26', 'arena_27', 'arena_28', 'arena_29', 'arena_30', 'arena_31']
[INFO] Found game 'c22dc27b-93d4-467a-860d-85e609db2390' in arena_31
[SKIP] Exists: ../hf_subset/arena_31/c22dc27b-93d4-467a-860d-85e609db2390/frames.parquet
[DONE]
[INFO] Discovered arenas: ['arena_01', 'arena_02', 'arena_03', 'arena_04', 'arena_05', 'arena_06', 'arena_07', 'arena_08', 'arena_09', 'arena_10', 'arena_11', 'arena_12', 'arena_13', 'arena_14', 'arena_15', 'arena_16', 'arena_17', 'arena_18', 'arena_19', 'arena_20', 'arena_21', 'arena_22', 'arena_23', 'arena_24', 'arena_25', 'arena_26', 'arena_27', 'arena_28', 'arena_29', 'arena_30', 'arena_31']
[INFO] Found game 'c433f219-ff13-4b46-85d0-7f54384532b7' in arena_31
[SKIP] Exists: ../hf_subset/arena_31/c433f219-ff13-4b46-85d0-7f54384532b7/frames.parquet
[DONE]
[INFO] Discovered arenas: ['arena_01', 'arena_02', 'arena_03', 'arena_04', 'arena_05', 'arena_06', 'arena_07', 'arena_08', 'arena_09', 'arena_10', 'arena_11', 'arena_12', 'arena_13', 'arena_14', 'arena_15', 'arena_16', 'arena_17', 'arena_18', 'arena_19', 'arena_20', 'arena_21', 'arena_22', 'arena_23', 'arena_24', 'arena_25', 'arena_26', 'arena_27', 'arena_28', 'arena_29', 'arena_30', 'arena_31']
[INFO] Found game 'c918ee0a-9911-44a3-b32c-436724e18e7f' in arena_31
[SKIP] Exists: ../hf_subset/arena_31/c918ee0a-9911-44a3-b32c-436724e18e7f/frames.parquet
[DONE]
[INFO] Discovered arenas: ['arena_01', 'arena_02', 'arena_03', 'arena_04', 'arena_05', 'arena_06', 'arena_07', 'arena_08', 'arena_09', 'arena_10', 'arena_11', 'arena_12', 'arena_13', 'arena_14', 'arena_15', 'arena_16', 'arena_17', 'arena_18', 'arena_19', 'arena_20', 'arena_21', 'arena_22', 'arena_23', 'arena_24', 'arena_25', 'arena_26', 'arena_27', 'arena_28', 'arena_29', 'arena_30', 'arena_31']
[INFO] Found game 'cd5d9758-767d-4e2c-a079-46b77de08e7f' in arena_31
[SKIP] Exists: ../hf_subset/arena_31/cd5d9758-767d-4e2c-a079-46b77de08e7f/frames.parquet
[DONE]
[INFO] Discovered arenas: ['arena_01', 'arena_02', 'arena_03', 'arena_04', 'arena_05', 'arena_06', 'arena_07', 'arena_08', 'arena_09', 'arena_10', 'arena_11', 'arena_12', 'arena_13', 'arena_14', 'arena_15', 'arena_16', 'arena_17', 'arena_18', 'arena_19', 'arena_20', 'arena_21', 'arena_22', 'arena_23', 'arena_24', 'arena_25', 'arena_26', 'arena_27', 'arena_28', 'arena_29', 'arena_30', 'arena_31']
[INFO] Found game 'd50e4d41-de8c-46c7-8359-0743823791d2' in arena_31
[SKIP] Exists: ../hf_subset/arena_31/d50e4d41-de8c-46c7-8359-0743823791d2/frames.parquet
[DONE]
[INFO] Discovered arenas: ['arena_01', 'arena_02', 'arena_03', 'arena_04', 'arena_05', 'arena_06', 'arena_07', 'arena_08', 'arena_09', 'arena_10', 'arena_11', 'arena_12', 'arena_13', 'arena_14', 'arena_15', 'arena_16', 'arena_17', 'arena_18', 'arena_19', 'arena_20', 'arena_21', 'arena_22', 'arena_23', 'arena_24', 'arena_25', 'arena_26', 'arena_27', 'arena_28', 'arena_29', 'arena_30', 'arena_31']
[INFO] Found game 'd95a78f5-76f6-4aae-89cd-b04e5169e8d4' in arena_31
[SKIP] Exists: ../hf_subset/arena_31/d95a78f5-76f6-4aae-89cd-b04e5169e8d4/frames.parquet
[DONE]
[INFO] Discovered arenas: ['arena_01', 'arena_02', 'arena_03', 'arena_04', 'arena_05', 'arena_06', 'arena_07', 'arena_08', 'arena_09', 'arena_10', 'arena_11', 'arena_12', 'arena_13', 'arena_14', 'arena_15', 'arena_16', 'arena_17', 'arena_18', 'arena_19', 'arena_20', 'arena_21', 'arena_22', 'arena_23', 'arena_24', 'arena_25', 'arena_26', 'arena_27', 'arena_28', 'arena_29', 'arena_30', 'arena_31']
[INFO] Found game 'd995e9a4-606b-4fc4-80ba-08e8a42e8e89' in arena_31
[SKIP] Exists: ../hf_subset/arena_31/d995e9a4-606b-4fc4-80ba-08e8a42e8e89/frames.parquet
[DONE]
[INFO] Discovered arenas: ['arena_01', 'arena_02', 'arena_03', 'arena_04', 'arena_05', 'arena_06', 'arena_07', 'arena_08', 'arena_09', 'arena_10', 'arena_11', 'arena_12', 'arena_13', 'arena_14', 'arena_15', 'arena_16', 'arena_17', 'arena_18', 'arena_19', 'arena_20', 'arena_21', 'arena_22', 'arena_23', 'arena_24', 'arena_25', 'arena_26', 'arena_27', 'arena_28', 'arena_29', 'arena_30', 'arena_31']
[INFO] Found game 'd9d2c7c9-ae34-4e39-aba2-3204db0fcb33' in arena_31
[SKIP] Exists: ../hf_subset/arena_31/d9d2c7c9-ae34-4e39-aba2-3204db0fcb33/frames.parquet
[DONE]
[INFO] Discovered arenas: ['arena_01', 'arena_02', 'arena_03', 'arena_04', 'arena_05', 'arena_06', 'arena_07', 'arena_08', 'arena_09', 'arena_10', 'arena_11', 'arena_12', 'arena_13', 'arena_14', 'arena_15', 'arena_16', 'arena_17', 'arena_18', 'arena_19', 'arena_20', 'arena_21', 'arena_22', 'arena_23', 'arena_24', 'arena_25', 'arena_26', 'arena_27', 'arena_28', 'arena_29', 'arena_30', 'arena_31']
[INFO] Found game 'de4d06a8-77cb-47cb-a51c-00d08f8bec8f' in arena_31
[SKIP] Exists: ../hf_subset/arena_31/de4d06a8-77cb-47cb-a51c-00d08f8bec8f/frames.parquet
[DONE]
[INFO] Discovered arenas: ['arena_01', 'arena_02', 'arena_03', 'arena_04', 'arena_05', 'arena_06', 'arena_07', 'arena_08', 'arena_09', 'arena_10', 'arena_11', 'arena_12', 'arena_13', 'arena_14', 'arena_15', 'arena_16', 'arena_17', 'arena_18', 'arena_19', 'arena_20', 'arena_21', 'arena_22', 'arena_23', 'arena_24', 'arena_25', 'arena_26', 'arena_27', 'arena_28', 'arena_29', 'arena_30', 'arena_31']
[INFO] Found game 'e35ddcee-cd3e-4523-be92-d140959312a3' in arena_31
[SKIP] Exists: ../hf_subset/arena_31/e35ddcee-cd3e-4523-be92-d140959312a3/frames.parquet
[DONE]
[INFO] Discovered arenas: ['arena_01', 'arena_02', 'arena_03', 'arena_04', 'arena_05', 'arena_06', 'arena_07', 'arena_08', 'arena_09', 'arena_10', 'arena_11', 'arena_12', 'arena_13', 'arena_14', 'arena_15', 'arena_16', 'arena_17', 'arena_18', 'arena_19', 'arena_20', 'arena_21', 'arena_22', 'arena_23', 'arena_24', 'arena_25', 'arena_26', 'arena_27', 'arena_28', 'arena_29', 'arena_30', 'arena_31']
[INFO] Found game 'e3aa08f2-8046-4b10-945e-b79a4c4b2aec' in arena_31
[SKIP] Exists: ../hf_subset/arena_31/e3aa08f2-8046-4b10-945e-b79a4c4b2aec/frames.parquet
[DONE]
[INFO] Discovered arenas: ['arena_01', 'arena_02', 'arena_03', 'arena_04', 'arena_05', 'arena_06', 'arena_07', 'arena_08', 'arena_09', 'arena_10', 'arena_11', 'arena_12', 'arena_13', 'arena_14', 'arena_15', 'arena_16', 'arena_17', 'arena_18', 'arena_19', 'arena_20', 'arena_21', 'arena_22', 'arena_23', 'arena_24', 'arena_25', 'arena_26', 'arena_27', 'arena_28', 'arena_29', 'arena_30', 'arena_31']
[INFO] Found game 'e5f24f49-a13c-41d7-a95d-bda5dd005f57' in arena_31
[SKIP] Exists: ../hf_subset/arena_31/e5f24f49-a13c-41d7-a95d-bda5dd005f57/frames.parquet
[DONE]
[INFO] Discovered arenas: ['arena_01', 'arena_02', 'arena_03', 'arena_04', 'arena_05', 'arena_06', 'arena_07', 'arena_08', 'arena_09', 'arena_10', 'arena_11', 'arena_12', 'arena_13', 'arena_14', 'arena_15', 'arena_16', 'arena_17', 'arena_18', 'arena_19', 'arena_20', 'arena_21', 'arena_22', 'arena_23', 'arena_24', 'arena_25', 'arena_26', 'arena_27', 'arena_28', 'arena_29', 'arena_30', 'arena_31']
[INFO] Found game 'e69bbe32-8712-475d-80fe-df783430726b' in arena_31
[SKIP] Exists: ../hf_subset/arena_31/e69bbe32-8712-475d-80fe-df783430726b/frames.parquet
[DONE]
[INFO] Discovered arenas: ['arena_01', 'arena_02', 'arena_03', 'arena_04', 'arena_05', 'arena_06', 'arena_07', 'arena_08', 'arena_09', 'arena_10', 'arena_11', 'arena_12', 'arena_13', 'arena_14', 'arena_15', 'arena_16', 'arena_17', 'arena_18', 'arena_19', 'arena_20', 'arena_21', 'arena_22', 'arena_23', 'arena_24', 'arena_25', 'arena_26', 'arena_27', 'arena_28', 'arena_29', 'arena_30', 'arena_31']
[INFO] Found game 'e73c9c99-867d-45fe-b072-d79961965947' in arena_31
[SKIP] Exists: ../hf_subset/arena_31/e73c9c99-867d-45fe-b072-d79961965947/frames.parquet
[DONE]
[INFO] Discovered arenas: ['arena_01', 'arena_02', 'arena_03', 'arena_04', 'arena_05', 'arena_06', 'arena_07', 'arena_08', 'arena_09', 'arena_10', 'arena_11', 'arena_12', 'arena_13', 'arena_14', 'arena_15', 'arena_16', 'arena_17', 'arena_18', 'arena_19', 'arena_20', 'arena_21', 'arena_22', 'arena_23', 'arena_24', 'arena_25', 'arena_26', 'arena_27', 'arena_28', 'arena_29', 'arena_30', 'arena_31']
[INFO] Found game 'e745951e-eb4d-4742-ab8b-21b6e37de557' in arena_31
[SKIP] Exists: ../hf_subset/arena_31/e745951e-eb4d-4742-ab8b-21b6e37de557/frames.parquet
[DONE]
[INFO] Discovered arenas: ['arena_01', 'arena_02', 'arena_03', 'arena_04', 'arena_05', 'arena_06', 'arena_07', 'arena_08', 'arena_09', 'arena_10', 'arena_11', 'arena_12', 'arena_13', 'arena_14', 'arena_15', 'arena_16', 'arena_17', 'arena_18', 'arena_19', 'arena_20', 'arena_21', 'arena_22', 'arena_23', 'arena_24', 'arena_25', 'arena_26', 'arena_27', 'arena_28', 'arena_29', 'arena_30', 'arena_31']
[INFO] Found game 'eace547c-cbda-459f-a246-e82e71658060' in arena_31
[SKIP] Exists: ../hf_subset/arena_31/eace547c-cbda-459f-a246-e82e71658060/frames.parquet
[DONE]
[INFO] Discovered arenas: ['arena_01', 'arena_02', 'arena_03', 'arena_04', 'arena_05', 'arena_06', 'arena_07', 'arena_08', 'arena_09', 'arena_10', 'arena_11', 'arena_12', 'arena_13', 'arena_14', 'arena_15', 'arena_16', 'arena_17', 'arena_18', 'arena_19', 'arena_20', 'arena_21', 'arena_22', 'arena_23', 'arena_24', 'arena_25', 'arena_26', 'arena_27', 'arena_28', 'arena_29', 'arena_30', 'arena_31']
[INFO] Found game 'ed47cacc-ebc4-4059-bace-492f756c0c4b' in arena_31
[SKIP] Exists: ../hf_subset/arena_31/ed47cacc-ebc4-4059-bace-492f756c0c4b/frames.parquet
[DONE]
[INFO] Discovered arenas: ['arena_01', 'arena_02', 'arena_03', 'arena_04', 'arena_05', 'arena_06', 'arena_07', 'arena_08', 'arena_09', 'arena_10', 'arena_11', 'arena_12', 'arena_13', 'arena_14', 'arena_15', 'arena_16', 'arena_17', 'arena_18', 'arena_19', 'arena_20', 'arena_21', 'arena_22', 'arena_23', 'arena_24', 'arena_25', 'arena_26', 'arena_27', 'arena_28', 'arena_29', 'arena_30', 'arena_31']
[INFO] Found game 'ef0f86d7-c56e-4e65-ba93-aadae476abdf' in arena_31
[SKIP] Exists: ../hf_subset/arena_31/ef0f86d7-c56e-4e65-ba93-aadae476abdf/frames.parquet
[DONE]
[INFO] Discovered arenas: ['arena_01', 'arena_02', 'arena_03', 'arena_04', 'arena_05', 'arena_06', 'arena_07', 'arena_08', 'arena_09', 'arena_10', 'arena_11', 'arena_12', 'arena_13', 'arena_14', 'arena_15', 'arena_16', 'arena_17', 'arena_18', 'arena_19', 'arena_20', 'arena_21', 'arena_22', 'arena_23', 'arena_24', 'arena_25', 'arena_26', 'arena_27', 'arena_28', 'arena_29', 'arena_30', 'arena_31']
[INFO] Found game 'efb06ad5-5a2a-45f6-8e72-6d557d1654d3' in arena_31
[SKIP] Exists: ../hf_subset/arena_31/efb06ad5-5a2a-45f6-8e72-6d557d1654d3/frames.parquet
[DONE]
[INFO] Discovered arenas: ['arena_01', 'arena_02', 'arena_03', 'arena_04', 'arena_05', 'arena_06', 'arena_07', 'arena_08', 'arena_09', 'arena_10', 'arena_11', 'arena_12', 'arena_13', 'arena_14', 'arena_15', 'arena_16', 'arena_17', 'arena_18', 'arena_19', 'arena_20', 'arena_21', 'arena_22', 'arena_23', 'arena_24', 'arena_25', 'arena_26', 'arena_27', 'arena_28', 'arena_29', 'arena_30', 'arena_31']
[INFO] Found game 'f03bfc0a-5a43-490a-a576-ce9e3bd01aa9' in arena_31
[SKIP] Exists: ../hf_subset/arena_31/f03bfc0a-5a43-490a-a576-ce9e3bd01aa9/frames.parquet
[DONE]
[INFO] Discovered arenas: ['arena_01', 'arena_02', 'arena_03', 'arena_04', 'arena_05', 'arena_06', 'arena_07', 'arena_08', 'arena_09', 'arena_10', 'arena_11', 'arena_12', 'arena_13', 'arena_14', 'arena_15', 'arena_16', 'arena_17', 'arena_18', 'arena_19', 'arena_20', 'arena_21', 'arena_22', 'arena_23', 'arena_24', 'arena_25', 'arena_26', 'arena_27', 'arena_28', 'arena_29', 'arena_30', 'arena_31']
[INFO] Found game 'f04ceaee-af7c-4a67-8b06-426c64bb4793' in arena_31
[SKIP] Exists: ../hf_subset/arena_31/f04ceaee-af7c-4a67-8b06-426c64bb4793/frames.parquet
[DONE]
[INFO] Discovered arenas: ['arena_01', 'arena_02', 'arena_03', 'arena_04', 'arena_05', 'arena_06', 'arena_07', 'arena_08', 'arena_09', 'arena_10', 'arena_11', 'arena_12', 'arena_13', 'arena_14', 'arena_15', 'arena_16', 'arena_17', 'arena_18', 'arena_19', 'arena_20', 'arena_21', 'arena_22', 'arena_23', 'arena_24', 'arena_25', 'arena_26', 'arena_27', 'arena_28', 'arena_29', 'arena_30', 'arena_31']
[INFO] Found game 'f1eb6a1e-6ebd-4afc-b93d-13aa543bada4' in arena_31
[SKIP] Exists: ../hf_subset/arena_31/f1eb6a1e-6ebd-4afc-b93d-13aa543bada4/frames.parquet
[DONE]
[INFO] Discovered arenas: ['arena_01', 'arena_02', 'arena_03', 'arena_04', 'arena_05', 'arena_06', 'arena_07', 'arena_08', 'arena_09', 'arena_10', 'arena_11', 'arena_12', 'arena_13', 'arena_14', 'arena_15', 'arena_16', 'arena_17', 'arena_18', 'arena_19', 'arena_20', 'arena_21', 'arena_22', 'arena_23', 'arena_24', 'arena_25', 'arena_26', 'arena_27', 'arena_28', 'arena_29', 'arena_30', 'arena_31']
[INFO] Found game 'f3e3a4de-75ff-4ae2-977c-28eb43c873e6' in arena_31
[SKIP] Exists: ../hf_subset/arena_31/f3e3a4de-75ff-4ae2-977c-28eb43c873e6/frames.parquet
[DONE]
[INFO] Discovered arenas: ['arena_01', 'arena_02', 'arena_03', 'arena_04', 'arena_05', 'arena_06', 'arena_07', 'arena_08', 'arena_09', 'arena_10', 'arena_11', 'arena_12', 'arena_13', 'arena_14', 'arena_15', 'arena_16', 'arena_17', 'arena_18', 'arena_19', 'arena_20', 'arena_21', 'arena_22', 'arena_23', 'arena_24', 'arena_25', 'arena_26', 'arena_27', 'arena_28', 'arena_29', 'arena_30', 'arena_31']
[INFO] Found game 'f5cabcca-bee0-4feb-a04d-db0b0e4cc0c5' in arena_31
[SKIP] Exists: ../hf_subset/arena_31/f5cabcca-bee0-4feb-a04d-db0b0e4cc0c5/frames.parquet
[DONE]
[INFO] Discovered arenas: ['arena_01', 'arena_02', 'arena_03', 'arena_04', 'arena_05', 'arena_06', 'arena_07', 'arena_08', 'arena_09', 'arena_10', 'arena_11', 'arena_12', 'arena_13', 'arena_14', 'arena_15', 'arena_16', 'arena_17', 'arena_18', 'arena_19', 'arena_20', 'arena_21', 'arena_22', 'arena_23', 'arena_24', 'arena_25', 'arena_26', 'arena_27', 'arena_28', 'arena_29', 'arena_30', 'arena_31']
[INFO] Found game 'f7a0fb24-f433-4828-93d8-c5524d830481' in arena_31
[SKIP] Exists: ../hf_subset/arena_31/f7a0fb24-f433-4828-93d8-c5524d830481/frames.parquet
[DONE]
[INFO] Discovered arenas: ['arena_01', 'arena_02', 'arena_03', 'arena_04', 'arena_05', 'arena_06', 'arena_07', 'arena_08', 'arena_09', 'arena_10', 'arena_11', 'arena_12', 'arena_13', 'arena_14', 'arena_15', 'arena_16', 'arena_17', 'arena_18', 'arena_19', 'arena_20', 'arena_21', 'arena_22', 'arena_23', 'arena_24', 'arena_25', 'arena_26', 'arena_27', 'arena_28', 'arena_29', 'arena_30', 'arena_31']
[INFO] Found game 'f7db1ae0-7e87-4dd4-991a-d88ff88bf262' in arena_31
[SKIP] Exists: ../hf_subset/arena_31/f7db1ae0-7e87-4dd4-991a-d88ff88bf262/frames.parquet
[DONE]
[INFO] Discovered arenas: ['arena_01', 'arena_02', 'arena_03', 'arena_04', 'arena_05', 'arena_06', 'arena_07', 'arena_08', 'arena_09', 'arena_10', 'arena_11', 'arena_12', 'arena_13', 'arena_14', 'arena_15', 'arena_16', 'arena_17', 'arena_18', 'arena_19', 'arena_20', 'arena_21', 'arena_22', 'arena_23', 'arena_24', 'arena_25', 'arena_26', 'arena_27', 'arena_28', 'arena_29', 'arena_30', 'arena_31']
[INFO] Found game 'f840a28a-c283-4e88-aaff-84d373b3fce2' in arena_31
[SKIP] Exists: ../hf_subset/arena_31/f840a28a-c283-4e88-aaff-84d373b3fce2/frames.parquet
[DONE]
[INFO] Discovered arenas: ['arena_01', 'arena_02', 'arena_03', 'arena_04', 'arena_05', 'arena_06', 'arena_07', 'arena_08', 'arena_09', 'arena_10', 'arena_11', 'arena_12', 'arena_13', 'arena_14', 'arena_15', 'arena_16', 'arena_17', 'arena_18', 'arena_19', 'arena_20', 'arena_21', 'arena_22', 'arena_23', 'arena_24', 'arena_25', 'arena_26', 'arena_27', 'arena_28', 'arena_29', 'arena_30', 'arena_31']
[INFO] Found game 'f8c3f702-3a8b-4bce-afc9-14f3b2b2203d' in arena_31
[SKIP] Exists: ../hf_subset/arena_31/f8c3f702-3a8b-4bce-afc9-14f3b2b2203d/frames.parquet
[DONE]
[INFO] Discovered arenas: ['arena_01', 'arena_02', 'arena_03', 'arena_04', 'arena_05', 'arena_06', 'arena_07', 'arena_08', 'arena_09', 'arena_10', 'arena_11', 'arena_12', 'arena_13', 'arena_14', 'arena_15', 'arena_16', 'arena_17', 'arena_18', 'arena_19', 'arena_20', 'arena_21', 'arena_22', 'arena_23', 'arena_24', 'arena_25', 'arena_26', 'arena_27', 'arena_28', 'arena_29', 'arena_30', 'arena_31']
[INFO] Found game 'ffd6fc01-fd2f-4e47-b787-62ef4cb30540' in arena_31
[SKIP] Exists: ../hf_subset/arena_31/ffd6fc01-fd2f-4e47-b787-62ef4cb30540/frames.parquet
[DONE]
